2,"PLAYER, TEAM POS",OPP,STATUS ET,C/A,YDS,TD,INT,RUSH,YDS,TD,REC,YDS,TD,PTS
3,"Tom Brady, NE QB",Buf,Mon 8:30,25.4/40.8,283,2.8,0.7,2.8,3.5,0.1,0,0,0,21.2
4,"Derek Carr, Oak QB",@Det,Sun 1:00,23.7/35.8,297.5,2.7,0.6,1.8,5.1,0,0,0,0,20.3
5,"Carson Palmer, Ari QB",Cin,Sun 8:30,24.1/36.9,316.2,2.3,0.9,1.7,2.7,0.1,0,0,0,19.5
6,"Devonta Freeman, Atl RB",Ind,Sun 1:00,0/0,0,0,0,22.7,95.5,0.9,5.1,46.4,0.2,19.4
7,"Cam Newton, Car QB",Wsh,Sun 1:00,16.8/27.6,202,1.5,0.8,8.9,44.1,0.4,0,0,0,18.5
8,"Matthew Stafford, Det QB",Oak,Sun 1:00,27.1/42.2,306.3,2.1,1,1.9,6.2,0.1,0,0,0,18.2
9,"Aaron Rodgers, GB QB  P",@Min,Sun 4:25,21.9/36,263.9,2,0.5,3.3,18,0.1,0,0,0,18.1
10,"Blake Bortles, Jax QB",Ten,W 19-13,21.8/35.5,262.4,2.2,1,3.4,19.5,0.1,0,0,0,17.8
11,"Andy Dalton, Cin QB",@Ari,Sun 8:30,22.4/35.6,270.8,2,1,3.8,11.1,0.2,0,0,0,17.7
12,"Philip Rivers, SD QB",KC,Sun 4:05,23.5/38.7,288.6,2.2,1.2,1.3,2.8,0,0,0,0,17.3
13,"Charcandrick West, KC RB",@SD,Sun 4:05,0/0,0,0,0,17.3,82.3,0.9,3.3,25.8,0.2,16.4
14,"Russell Wilson, Sea QB",SF,Sun 4:25,18.2/28.6,221.9,1.2,0.6,6.4,40.5,0.2,0,0,0,16.2
15,"Adrian Peterson, Min RB  P",GB,Sun 4:25,0/0,0,0,0,22.7,105.2,0.8,1.8,14.7,0.1,16
16,"Darren McFadden, Dal RB  Q",@Mia,Sun 1:00,0/0,0,0,0,23,90.2,0.7,3.4,29.3,0.2,16
17,"Tony Romo, Dal QB",@Mia,Sun 1:00,20.8/32.7,267.9,1.9,0.7,1.7,4.5,0,0,0,0,15.9
18,"Matt Ryan, Atl QB",Ind,Sun 1:00,25.7/38.4,296.2,1.6,0.8,2.8,8.8,0.1,0,0,0,15.9
19,"Tyrod Taylor, Buf QB",@NE,Mon 8:30,19.1/31.5,220.1,1.3,0.8,6.7,33,0.2,0,0,0,15.3
20,"Ryan Fitzpatrick, NYJ QB  P",@Hou,Sun 1:00,21.4/33.9,241.1,1.7,1.1,4.2,18.4,0.2,0,0,0,15.3
21,"DeMarco Murray, Phi RB",TB,Sun 1:00,0/0,0,0,0,19.9,83.9,0.8,3.3,25.6,0.1,15.1
22,"Matt Hasselbeck, Ind QB",@Atl,Sun 1:00,26.5/41.8,290.7,1.8,1.3,2.2,6.5,0.1,0,0,0,15.1
23,"Alex Smith, KC QB",@SD,Sun 4:05,20.2/32.5,220,1.3,0.5,4,21.6,0.2,0,0,0,14.9
24,"Ryan Tannehill, Mia QB",Dal,Sun 1:00,23.4/35,255.1,1.3,0.7,2.5,11.9,0.1,0,0,0,14.7
25,"Joe Flacco, Bal QB",StL,Sun 1:00,24.4/37.8,279.9,1.3,0.8,1.9,4.1,0.1,0,0,0,14.4
26,"Marshawn Lynch, Sea RB  Q",SF,Sun 4:25,0/0,0,0,0,20,93.6,0.6,2,16,0.1,14
27,"Todd Gurley, StL RB",@Bal,Sun 1:00,0/0,0,0,0,17.6,74.4,0.7,2.8,22,0.1,13.6
28,"Julio Jones, Atl WR",Ind,Sun 1:00,0/0,0,0,0,0,0,0,8.1,104.4,0.6,13.5
29,"Mark Sanchez, Phi QB",TB,Sun 1:00,22.7/36.5,257.6,1.5,1.2,2.3,6.8,0.1,0,0,0,13.2
30,"Marcus Mariota, Ten QB",@Jax,L 13-19,20.6/32.4,236.5,1.3,0.8,2.8,18.5,0.1,0,0,0,13.2
31,"Jonathan Stewart, Car RB",Wsh,Sun 1:00,0/0,0,0,0,21.1,106.8,0.5,0.9,6.4,0,13.1
32,"Larry Fitzgerald, Ari WR  P",Cin,Sun 8:30,0/0,0,0,0,0,0,0,7,97.4,0.7,13
33,"T.J. Yates, Hou QB",NYJ,Sun 1:00,22.6/38.4,284,1.5,1.6,2.1,6.4,0,0,0,0,13
34,Seahawks D/ST D/ST,SF,Sun 4:25,0/0,0,0,0,0,0,0,0,0,0,12.9
35,"Jay Cutler, Chi QB",Den,Sun 1:00,20.5/33.2,232,1.2,1.1,2.9,13.4,0.1,0,0,0,12.6
36,"Lamar Miller, Mia RB",Dal,Sun 1:00,0/0,0,0,0,14,64.7,0.5,4.3,33.4,0.1,12.5
37,"LeGarrette Blount, NE RB",Buf,Mon 8:30,0/0,0,0,0,17.9,85.9,0.7,1,7.3,0.1,12.3
38,"Latavius Murray, Oak RB",@Det,Sun 1:00,0/0,0,0,0,17.7,77,0.6,2.1,17.7,0.1,12.3
39,"Calvin Johnson, Det WR  P",Oak,Sun 1:00,0/0,0,0,0,0,0,0,5.8,83,0.7,12.2
40,"Michael Crabtree, Oak WR",@Det,Sun 1:00,0/0,0,0,0,0,0,0,5.9,82.4,0.7,12.1
41,"Kirk Cousins, Wsh QB",@Car,Sun 1:00,24.7/39.7,273.1,1.3,1.4,0.8,2.7,0,0,0,0,12
42,"DeAndre Hopkins, Hou WR  P",NYJ,Sun 1:00,0/0,0,0,0,0,0,0,6.4,91.5,0.5,11.9
2,"PLAYER, TEAM POS",OPP,STATUS ET,C/A,YDS,TD,INT,RUSH,YDS,TD,REC,YDS,TD,PTS
3,"Brock Osweiler, Den QB",@Chi,Sun 1:00,20.4/36.3,244.2,1.1,0.9,1.6,4.9,0,0,0,0,11.7
4,"Dez Bryant, Dal WR  P",@Mia,Sun 1:00,0/0,0,0,0,0,0,0,5.6,88.3,0.6,11.6
5,"Justin Forsett, Bal RB",StL,Sun 1:00,0/0,0,0,0,17.6,78.5,0.4,3.2,25,0.1,11.6
6,"A.J. Green, Cin WR",@Ari,Sun 8:30,0/0,0,0,0,0,0,0,5.4,81.7,0.6,11.5
7,"Jeremy Langford, Chi RB",Den,Sun 1:00,0/0,0,0,0,17.9,59.2,0.5,3.5,30.5,0.1,11.5
8,"Jameis Winston, TB QB",@Phi,Sun 1:00,19.2/32.9,240.4,0.9,1.1,3,12,0.1,0,0,0,11.5
9,"T.J. Yeldon, Jax RB  P",Ten,W 19-13,0/0,0,0,0,17.9,71.5,0.3,2.6,20.6,0.2,11.4
10,"Chris Ivory, NYJ RB",@Hou,Sun 1:00,0/0,0,0,0,18.9,86,0.5,1.3,9.3,0.1,11.3
11,"Teddy Bridgewater, Min QB  P",GB,Sun 4:25,16.9/29.7,195,1,0.9,3.5,18.2,0.2,0,0,0,11.1
12,"Rob Gronkowski, NE TE",Buf,Mon 8:30,0/0,0,0,0,0,0,0,5.1,62,0.8,10.8
13,Broncos D/ST D/ST,@Chi,Sun 1:00,0/0,0,0,0,0,0,0,0,0,0,10.7
14,"Chris Johnson, Ari RB",Cin,Sun 8:30,0/0,0,0,0,17.1,81.2,0.4,0.6,4.7,0,10.6
15,"Allen Robinson, Jax WR",Ten,W 19-13,0/0,0,0,0,0,0,0,5.5,79.1,0.6,10.5
16,"Brandon Marshall, NYJ WR  P",@Hou,Sun 1:00,0/0,0,0,0,0,0,0,6.3,76.7,0.6,10.5
17,"Frank Gore, Ind RB",@Atl,Sun 1:00,0/0,0,0,0,17.3,66,0.4,3.1,24.8,0.1,10.4
18,"Amari Cooper, Oak WR",@Det,Sun 1:00,0/0,0,0,0,0.2,1.6,0,5.5,76.4,0.5,10.2
19,"Randall Cobb, GB WR",@Min,Sun 4:25,0/0,0,0,0,0.4,2.8,0,5.6,73.5,0.5,10
20,"Mike Evans, TB WR",@Phi,Sun 1:00,0/0,0,0,0,0,0,0,5.6,85,0.3,9.9
21,"Stevie Johnson, SD WR",KC,Sun 4:05,0/0,0,0,0,0,0,0,5.5,76.1,0.5,9.9
22,"LeSean McCoy, Buf RB",@NE,Mon 8:30,0/0,0,0,0,13.9,58.4,0.4,3.6,25.1,0.1,9.8
23,"Blaine Gabbert, SF QB",@Sea,Sun 4:25,20.3/34.2,233.8,0.7,1,2.6,8.8,0.1,0,0,0,9.5
24,"Sammy Watkins, Buf WR",@NE,Mon 8:30,0/0,0,0,0,0,0,0,5.2,72.6,0.4,9.5
25,"Danny Amendola, NE WR",Buf,Mon 8:30,0/0,0,0,0,0.5,3.3,0,6.4,66.8,0.5,9.2
26,"Jarvis Landry, Mia WR",Dal,Sun 1:00,0/0,0,0,0,1.4,11.6,0,6,61.8,0.3,9.2
27,"Brandon LaFell, NE WR",Buf,Mon 8:30,0/0,0,0,0,0,0,0,4.7,61.4,0.5,9.1
28,"Eric Decker, NYJ WR  P",@Hou,Sun 1:00,0/0,0,0,0,0,0,0,5.3,67.2,0.5,9.1
29,"Greg Olsen, Car TE",Wsh,Sun 1:00,0/0,0,0,0,0,0,0,5,61.2,0.5,9
30,"Justin Tucker, Bal K",StL,Sun 1:00,0/0,0,0,0,0,0,0,0,0,0,9
31,"Brandon McManus, Den K",@Chi,Sun 1:00,0/0,0,0,0,0,0,0,0,0,0,8.9
32,"Doug Martin, TB RB",@Phi,Sun 1:00,0/0,0,0,0,17.4,66.1,0.3,2.1,16.5,0,8.9
33,"Nick Novak, Hou K  P",NYJ,Sun 1:00,0/0,0,0,0,0,0,0,0,0,0,8.8
34,"Danny Woodhead, SD RB",KC,Sun 4:05,0/0,0,0,0,7.6,31,0.1,4.1,36.6,0.3,8.8
35,"Demaryius Thomas, Den WR",@Chi,Sun 1:00,0/0,0,0,0,0,0,0,6.2,78.8,0.3,8.8
36,"Giovani Bernard, Cin RB",@Ari,Sun 8:30,0/0,0,0,0,10.3,42.5,0.3,3.5,26.9,0.1,8.7
37,"Steven Hauschka, Sea K",SF,Sun 4:25,0/0,0,0,0,0,0,0,0,0,0,8.7
38,"Case Keenum, StL QB",@Bal,Sun 1:00,17.3/29.3,188.8,0.7,0.7,1.8,8.2,0.1,0,0,0,8.6
39,"Matt Bryant, Atl K",Ind,Sun 1:00,0/0,0,0,0,0,0,0,0,0,0,8.5
40,"John Brown, Ari WR  Q",Cin,Sun 8:30,0/0,0,0,0,0.1,0.8,0,4.1,62.4,0.4,8.5
41,"Andrew Franks, Mia K",Dal,Sun 1:00,0/0,0,0,0,0,0,0,0,0,0,8.5
42,"Davante Adams, GB WR",@Min,Sun 4:25,0/0,0,0,0,0,0,0,4.7,66.3,0.4,8.4
2,"PLAYER, TEAM POS",OPP,STATUS ET,C/A,YDS,TD,INT,RUSH,YDS,TD,REC,YDS,TD,PTS
3,"Antonio Gates, SD TE  P",KC,Sun 4:05,0/0,0,0,0,0,0,0,4.5,54.1,0.6,8.4
4,"Graham Gano, Car K",Wsh,Sun 1:00,0/0,0,0,0,0,0,0,0,0,0,8.3
5,"Jordan Matthews, Phi WR",TB,Sun 1:00,0/0,0,0,0,0,0,0,5,61.6,0.4,8.3
6,"Dan Bailey, Dal K",@Mia,Sun 1:00,0/0,0,0,0,0,0,0,0,0,0,8.2
7,"Mason Crosby, GB K",@Min,Sun 4:25,0/0,0,0,0,0,0,0,0,0,0,8.2
8,"T.Y. Hilton, Ind WR",@Atl,Sun 1:00,0/0,0,0,0,0,0,0,5.7,69.1,0.4,8.2
9,"Tyler Eifert, Cin TE",@Ari,Sun 8:30,0/0,0,0,0,0,0,0,4.8,57,0.5,8.2
10,"Stephen Gostkowski, NE K",Buf,Mon 8:30,0/0,0,0,0,0,0,0,0,0,0,8.1
11,"Golden Tate, Det WR",Oak,Sun 1:00,0/0,0,0,0,0.2,1.4,0,5.5,65.1,0.3,8.1
12,"Jeremy Maclin, KC WR",@SD,Sun 4:05,0/0,0,0,0,0.1,0.8,0,4.8,65.3,0.3,8
13,"Caleb Sturgis, Phi K",TB,Sun 1:00,0/0,0,0,0,0,0,0,0,0,0,8
14,"Blair Walsh, Min K",GB,Sun 4:25,0/0,0,0,0,0,0,0,0,0,0,7.9
15,Patriots D/ST D/ST,Buf,Mon 8:30,0/0,0,0,0,0,0,0,0,0,0,7.9
16,"Chandler Catanzaro, Ari K",Cin,Sun 8:30,0/0,0,0,0,0,0,0,0,0,0,7.9
17,"Greg Zuerlein, StL K",@Bal,Sun 1:00,0/0,0,0,0,0,0,0,0,0,0,7.8
18,"Allen Hurns, Jax WR  P",Ten,W 19-13,0/0,0,0,0,0,0,0,4.2,59.1,0.5,7.8
19,"Matt Prater, Det K",Oak,Sun 1:00,0/0,0,0,0,0,0,0,0,0,0,7.8
20,"Cairo Santos, KC K",@SD,Sun 4:05,0/0,0,0,0,0,0,0,0,0,0,7.8
21,"Dan Carpenter, Buf K",@NE,Mon 8:30,0/0,0,0,0,0,0,0,0,0,0,7.8
22,"Jason Myers, Jax K",Ten,W 19-13,0/0,0,0,0,0,0,0,0,0,0,7.8
23,"Emmanuel Sanders, Den WR  Q",@Chi,Sun 1:00,0/0,0,0,0,0.1,0.7,0,4.9,66.9,0.3,7.8
24,Panthers D/ST D/ST,Wsh,Sun 1:00,0/0,0,0,0,0,0,0,0,0,0,7.7
25,Eagles D/ST D/ST,TB,Sun 1:00,0/0,0,0,0,0,0,0,0,0,0,7.7
26,"Ryan Succop, Ten K",@Jax,L 13-19,0/0,0,0,0,0,0,0,0,0,0,7.7
27,"James Starks, GB RB",@Min,Sun 4:25,0/0,0,0,0,11.9,51,0.2,2.3,18.1,0.1,7.6
28,"Mike Nugent, Cin K",@Ari,Sun 8:30,0/0,0,0,0,0,0,0,0,0,0,7.6
29,"Marvin Jones, Cin WR",@Ari,Sun 8:30,0/0,0,0,0,0.5,3.2,0,4.1,57.4,0.4,7.5
30,"Josh Lambo, SD K",KC,Sun 4:05,0/0,0,0,0,0,0,0,0,0,0,7.5
31,"Jimmy Graham, Sea TE",SF,Sun 4:25,0/0,0,0,0,0,0,0,4.6,55.1,0.4,7.5
32,Rams D/ST D/ST,@Bal,Sun 1:00,0/0,0,0,0,0,0,0,0,0,0,7.5
33,"Phil Dawson, SF K",@Sea,Sun 4:25,0/0,0,0,0,0,0,0,0,0,0,7.4
34,"Jason Witten, Dal TE",@Mia,Sun 1:00,0/0,0,0,0,0,0,0,4.6,52.9,0.4,7.4
35,"Darren Sproles, Phi RB",TB,Sun 1:00,0/0,0,0,0,8.6,38,0.3,3.6,29.1,0.1,7.3
36,"Vincent Jackson, TB WR  Q",@Phi,Sun 1:00,0/0,0,0,0,0,0,0,4,60.4,0.2,7.3
37,"Melvin Gordon, SD RB",KC,Sun 4:05,0/0,0,0,0,13.3,50.2,0.2,1.8,12.6,0.1,7.2
38,"Randy Bullock, NYJ K",@Hou,Sun 1:00,0/0,0,0,0,0,0,0,0,0,0,7.2
39,"Sebastian Janikowski, Oak K",@Det,Sun 1:00,0/0,0,0,0,0,0,0,0,0,0,7.2
40,"Joique Bell, Det RB  P",Oak,Sun 1:00,0/0,0,0,0,10.8,43.3,0.3,1.9,14.4,0.1,7.2
41,"Connor Barth, TB K",@Phi,Sun 1:00,0/0,0,0,0,0,0,0,0,0,0,7.2
42,"Anquan Boldin, SF WR  Q",@Sea,Sun 4:25,0/0,0,0,0,0,0,0,5.1,61.2,0.2,7.1
2,"PLAYER, TEAM POS",OPP,STATUS ET,C/A,YDS,TD,INT,RUSH,YDS,TD,REC,YDS,TD,PTS
3,"Travis Kelce, KC TE  P",@SD,Sun 4:05,0/0,0,0,0,0,0,0,5,54.2,0.4,7.1
4,"Adam Vinatieri, Ind K",@Atl,Sun 1:00,0/0,0,0,0,0,0,0,0,0,0,7.1
5,"Dustin Hopkins, Wsh K",@Car,Sun 1:00,0/0,0,0,0,0,0,0,0,0,0,7.1
6,"Antonio Andrews, Ten RB",@Jax,L 13-19,0/0,0,0,0,14,41.9,0.3,1.3,10.4,0,7.1
7,"Jordan Reed, Wsh TE",@Car,Sun 1:00,0/0,0,0,0,0,0,0,5.1,52.6,0.4,7.1
8,"Robbie Gould, Chi K",Den,Sun 1:00,0/0,0,0,0,0,0,0,0,0,0,7
9,"Coby Fleener, Ind TE",@Atl,Sun 1:00,0/0,0,0,0,0,0,0,4.1,50.6,0.3,6.9
10,"Zach Ertz, Phi TE",TB,Sun 1:00,0/0,0,0,0,0,0,0,4,52.3,0.3,6.9
11,"Martellus Bennett, Chi TE",Den,Sun 1:00,0/0,0,0,0,0,0,0,5.2,54.6,0.3,6.8
12,"Ronnie Hillman, Den RB  P",@Chi,Sun 1:00,0/0,0,0,0,11.3,48.4,0.3,1.6,13.2,0,6.8
13,"Tavon Austin, StL WR",@Bal,Sun 1:00,0/0,0,0,0,3.4,26.2,0.1,3.7,39.7,0.1,6.8
14,"Nate Washington, Hou WR  P",NYJ,Sun 1:00,0/0,0,0,0,0,0,0,3.7,55.1,0.3,6.7
15,Packers D/ST D/ST,@Min,Sun 4:25,0/0,0,0,0,0,0,0,0,0,0,6.7
16,Titans D/ST D/ST,@Jax,L 13-19,0/0,0,0,0,0,0,0,0,0,0,6.6
17,"Matt Jones, Wsh RB",@Car,Sun 1:00,0/0,0,0,0,10.4,40.6,0.3,1.9,14.5,0.1,6.6
18,"Kamar Aiken, Bal WR",StL,Sun 1:00,0/0,0,0,0,0,0,0,4.2,59.4,0.3,6.6
19,"Delanie Walker, Ten TE",@Jax,L 13-19,0/0,0,0,0,0,0,0,4.5,52.1,0.3,6.6
20,"Pierre Garcon, Wsh WR",@Car,Sun 1:00,0/0,0,0,0,0,0,0,4.1,51.6,0.3,6.5
21,Cowboys D/ST D/ST,@Mia,Sun 1:00,0/0,0,0,0,0,0,0,0,0,0,6.4
22,"Jamison Crowder, Wsh WR",@Car,Sun 1:00,0/0,0,0,0,0.1,0.8,0,4.9,52.7,0.2,6.4
23,"Julius Thomas, Jax TE  P",Ten,W 19-13,0/0,0,0,0,0,0,0,3.7,40.7,0.4,6.4
24,"Stefon Diggs, Min WR",GB,Sun 4:25,0/0,0,0,0,0.3,1.8,0,4,52.9,0.2,6.4
25,"Jeremy Hill, Cin RB",@Ari,Sun 8:30,0/0,0,0,0,10.5,42.5,0.4,1.1,8.2,0,6.4
26,"C.J. Anderson, Den RB",@Chi,Sun 1:00,0/0,0,0,0,9.6,40.4,0.2,1.3,10.7,0,6.3
27,"Eric Ebron, Det TE",Oak,Sun 1:00,0/0,0,0,0,0,0,0,4.3,48.4,0.4,6.3
28,Jets D/ST D/ST,@Hou,Sun 1:00,0/0,0,0,0,0,0,0,0,0,0,6.3
29,"DeSean Jackson, Wsh WR",@Car,Sun 1:00,0/0,0,0,0,0.1,0.8,0,3.4,51.3,0.2,6.2
30,Jaguars D/ST D/ST,Ten,W 19-13,0/0,0,0,0,0,0,0,0,0,0,6.2
31,"Ted Ginn Jr., Car WR",Wsh,Sun 1:00,0/0,0,0,0,0.3,2.2,0,3.3,45.2,0.3,6
32,"James Jones, GB WR  P",@Min,Sun 4:25,0/0,0,0,0,0,0,0,3,43.6,0.3,6
33,"Terrance Williams, Dal WR",@Mia,Sun 1:00,0/0,0,0,0,0,0,0,2.6,43.5,0.3,6
34,"Alfred Blue, Hou RB",NYJ,Sun 1:00,0/0,0,0,0,12.2,45.1,0.1,1.4,12.1,0,6
35,"Theo Riddick, Det RB",Oak,Sun 1:00,0/0,0,0,0,3.8,14,0.1,4.6,38.9,0.2,5.8
36,"Jacob Tamme, Atl TE",Ind,Sun 1:00,0/0,0,0,0,0,0,0,4.3,48.1,0.3,5.8
37,"Donte Moncrief, Ind WR",@Atl,Sun 1:00,0/0,0,0,0,0,0,0,4.1,46,0.3,5.8
38,Dolphins D/ST D/ST,Dal,Sun 1:00,0/0,0,0,0,0,0,0,0,0,0,5.7
39,"Dontrelle Inman, SD WR",KC,Sun 4:05,0/0,0,0,0,0,0,0,3.2,49.7,0.3,5.7
40,Falcons D/ST D/ST,Ind,Sun 1:00,0/0,0,0,0,0,0,0,0,0,0,5.7
41,"Robert Woods, Buf WR",@NE,Mon 8:30,0/0,0,0,0,0.2,1.5,0,3.5,47.7,0.3,5.5
42,"Charles Clay, Buf TE",@NE,Mon 8:30,0/0,0,0,0,0,0,0,3.9,42.4,0.3,5.5
2,"PLAYER, TEAM POS",OPP,STATUS ET,C/A,YDS,TD,INT,RUSH,YDS,TD,REC,YDS,TD,PTS
3,"Leonard Hankerson, Atl WR  P",Ind,Sun 1:00,0/0,0,0,0,0,0,0,3.4,42.8,0.2,5.5
4,"Cecil Shorts III, Hou WR",NYJ,Sun 1:00,0/0,0,0,0,0,0,0,3.4,42.2,0.2,5.4
5,"Bilal Powell, NYJ RB  P",@Hou,Sun 1:00,0/0,0,0,0,6.2,26.2,0.1,2.9,22.9,0.1,5.4
6,"Dexter McCluster*, Ten WR, RB  O",@Jax,L 13-19,0/0,0,0,0,5.6,19.5,0.1,3.4,30.9,0.1,5.4
7,"Harry Douglas, Ten WR",@Jax,L 13-19,0/0,0,0,0,0.3,1.7,0,3.2,40.1,0.2,5.4
8,Ravens D/ST D/ST,StL,Sun 1:00,0/0,0,0,0,0,0,0,0,0,0,5.4
9,"Rishard Matthews, Mia WR",Dal,Sun 1:00,0/0,0,0,0,0.1,0.8,0,4,48,0.2,5.3
10,Cardinals D/ST D/ST,Cin,Sun 8:30,0/0,0,0,0,0,0,0,0,0,0,5.3
11,"Marquess Wilson, Chi WR",Den,Sun 1:00,0/0,0,0,0,0,0,0,3.2,42.5,0.2,5.3
12,"Doug Baldwin, Sea WR  P",SF,Sun 4:25,0/0,0,0,0,0,0,0,3.6,48.5,0.2,5.3
13,"Richard Rodgers, GB TE",@Min,Sun 4:25,0/0,0,0,0,0,0,0,3.3,36.2,0.4,5.3
14,"Chris Givens, Bal WR",StL,Sun 1:00,0/0,0,0,0,0.3,1.7,0,3.3,48.7,0.2,5.1
15,"Shaun Draughn, SF RB",@Sea,Sun 4:25,0/0,0,0,0,11.3,36.6,0.2,2.4,19.3,0,5.1
16,"Kenny Stills, Mia WR",Dal,Sun 1:00,0/0,0,0,0,0,0,0,2.9,41.1,0.2,5
17,Chiefs D/ST D/ST,@SD,Sun 4:05,0/0,0,0,0,0,0,0,0,0,0,5
18,Chargers D/ST D/ST,KC,Sun 4:05,0/0,0,0,0,0,0,0,0,0,0,4.9
19,Texans D/ST D/ST,NYJ,Sun 1:00,0/0,0,0,0,0,0,0,0,0,0,4.9
20,"Charles Sims, TB RB",@Phi,Sun 1:00,0/0,0,0,0,7.2,27.5,0.1,2.8,24,0.1,4.8
21,Raiders D/ST D/ST,@Det,Sun 1:00,0/0,0,0,0,0,0,0,0,0,0,4.7
22,"Javontee Herndon, SD WR",KC,Sun 4:05,0/0,0,0,0,0,0,0,2.1,34.1,0.2,4.7
23,"Torrey Smith, SF WR",@Sea,Sun 4:25,0/0,0,0,0,0,0,0,2.5,41,0.1,4.7
24,"Jonathan Grimes, Hou RB",NYJ,Sun 1:00,0/0,0,0,0,5.6,20.1,0,2.5,21.9,0.1,4.7
25,"Michael Floyd, Ari WR  Q",Cin,Sun 8:30,0/0,0,0,0,0,0,0,2.1,34.1,0.3,4.6
26,Vikings D/ST D/ST,GB,Sun 4:25,0/0,0,0,0,0,0,0,0,0,0,4.5
27,"Eddie Lacy, GB RB  P",@Min,Sun 4:25,0/0,0,0,0,8.1,34.8,0.2,1.4,9.8,0.1,4.4
28,"Andre Johnson, Ind WR",@Atl,Sun 1:00,0/0,0,0,0,0,0,0,3.1,33.6,0.3,4.4
29,"Crockett Gillmore, Bal TE",StL,Sun 1:00,0/0,0,0,0,0,0,0,3.3,36,0.2,4.4
30,Bengals D/ST D/ST,@Ari,Sun 8:30,0/0,0,0,0,0,0,0,0,0,0,4.4
31,"Lance Moore, Det WR",Oak,Sun 1:00,0/0,0,0,0,0,0,0,2.7,34,0.2,4.4
32,Buccaneers D/ST D/ST,@Phi,Sun 1:00,0/0,0,0,0,0,0,0,0,0,0,4.4
33,"Dorial Green-Beckham, Ten WR",@Jax,L 13-19,0/0,0,0,0,0,0,0,2.9,39.4,0.2,4.4
34,Colts D/ST D/ST,@Atl,Sun 1:00,0/0,0,0,0,0,0,0,0,0,0,4.4
35,"Devin Funchess, Car WR",Wsh,Sun 1:00,0/0,0,0,0,0,0,0,2.3,32.9,0.2,4.4
36,"Mike Wallace, Min WR",GB,Sun 4:25,0/0,0,0,0,0,0,0,2.6,38.9,0.2,4.3
37,"Jordan Cameron, Mia TE",Dal,Sun 1:00,0/0,0,0,0,0,0,0,2.7,33.6,0.2,4.3
38,"Dwayne Allen, Ind TE",@Atl,Sun 1:00,0/0,0,0,0,0,0,0,2.9,31.6,0.2,4.3
39,"Ryan Griffin, Hou TE",NYJ,Sun 1:00,0/0,0,0,0,0,0,0,2.9,35.2,0.2,4.2
40,49ers D/ST D/ST,@Sea,Sun 4:25,0/0,0,0,0,0,0,0,0,0,0,4.2
41,"Javorius Allen, Bal RB",StL,Sun 1:00,0/0,0,0,0,6,25.1,0.2,1.3,10.2,0,4.2
42,"Andre Ellington, Ari RB",Cin,Sun 8:30,0/0,0,0,0,3.6,16.1,0.1,2.3,21,0.1,4.2
2,"PLAYER, TEAM POS",OPP,STATUS ET,C/A,YDS,TD,INT,RUSH,YDS,TD,REC,YDS,TD,PTS
3,"Ka'Deem Carey, Chi RB",Den,Sun 1:00,0/0,0,0,0,8.7,33,0.2,0.6,4.7,0,4.1
4,"Joshua Bellamy, Chi WR",Den,Sun 1:00,0/0,0,0,0,0,0,0,2.7,34.8,0.2,4.1
5,"Vernon Davis, Den TE",@Chi,Sun 1:00,0/0,0,0,0,0,0,0,2.4,31.3,0.2,4.1
6,"Tyler Lockett, Sea WR",SF,Sun 4:25,0/0,0,0,0,0.1,0.9,0,2.3,33.1,0.1,4.1
7,"Jermaine Kearse, Sea WR",SF,Sun 4:25,0/0,0,0,0,0,0,0,2.2,33.3,0.2,4.1
8,"Roddy White, Atl WR",Ind,Sun 1:00,0/0,0,0,0,0,0,0,2.8,34.7,0.2,4
9,"Alfred Morris, Wsh RB  P",@Car,Sun 1:00,0/0,0,0,0,9.3,35.8,0.1,1.2,9.5,0,4
10,"Nelson Agholor, Phi WR",TB,Sun 1:00,0/0,0,0,0,0,0,0,2.3,31.9,0.2,4
11,"Clive Walford, Oak TE",@Det,Sun 1:00,0/0,0,0,0,0,0,0,1.9,23.2,0.3,3.9
12,"Scott Chandler, NE TE",Buf,Mon 8:30,0/0,0,0,0,0,0,0,1.9,22,0.3,3.8
13,"Seth Roberts, Oak WR",@Det,Sun 1:00,0/0,0,0,0,0,0,0,1.8,25.2,0.3,3.8
14,"Kenny Britt, StL WR",@Bal,Sun 1:00,0/0,0,0,0,0,0,0,2.2,33.2,0.1,3.7
15,"Vance McDonald, SF TE",@Sea,Sun 4:25,0/0,0,0,0,0,0,0,2.7,32.5,0.1,3.6
16,Bears D/ST D/ST,Den,Sun 1:00,0/0,0,0,0,0,0,0,0,0,0,3.6
17,"Jay Ajayi, Mia RB",Dal,Sun 1:00,0/0,0,0,0,6.3,27.7,0.3,0.6,5,0,3.6
18,"Mohamed Sanu, Cin WR",@Ari,Sun 8:30,0/0,0,0,0,0.2,1.6,0,2.4,29.8,0.3,3.6
19,"Keshawn Martin, NE WR  Q",Buf,Mon 8:30,0/0,0,0,0,0,0,0,2.3,26.3,0.3,3.5
20,"Mychal Rivera, Oak TE",@Det,Sun 1:00,0/0,0,0,0,0,0,0,1.9,22.7,0.3,3.5
21,"Jaron Brown, Ari WR",Cin,Sun 8:30,0/0,0,0,0,0.1,0.8,0,2,27.9,0.2,3.4
22,"Anthony Fasano, Ten TE",@Jax,L 13-19,0/0,0,0,0,0,0,0,2,23.5,0.2,3.3
23,"Darren Fells, Ari TE",Cin,Sun 8:30,0/0,0,0,0,0,0,0,2,24.4,0.2,3.2
24,"Karlos Williams, Buf RB",@NE,Mon 8:30,0/0,0,0,0,5.8,24.4,0.2,0.7,5.3,0,3.2
25,"James White, NE RB",Buf,Mon 8:30,0/0,0,0,0,3,11.7,0.1,2,15.6,0.1,3.2
26,"Zach Miller, Chi TE",Den,Sun 1:00,0/0,0,0,0,0,0,0,2.6,29,0.2,3.2
27,"Jermaine Gresham, Ari TE",Cin,Sun 8:30,0/0,0,0,0,0,0,0,2.1,21.9,0.2,3
28,"Tre Mason, StL RB",@Bal,Sun 1:00,0/0,0,0,0,5.6,21.6,0.2,0.6,5,0,3
29,"Marc Mariani, Chi WR",Den,Sun 1:00,0/0,0,0,0,0,0,0,2,25.5,0.1,3
30,"Cole Beasley, Dal WR",@Mia,Sun 1:00,0/0,0,0,0,0,0,0,2.3,28.2,0.2,3
31,"Kyle Rudolph, Min TE",GB,Sun 4:25,0/0,0,0,0,0,0,0,2.3,24.7,0.2,3
32,"Chris Hogan, Buf WR",@NE,Mon 8:30,0/0,0,0,0,0,0,0,2.2,26,0.2,3
33,"Kenbrell Thompkins, NYJ WR",@Hou,Sun 1:00,0/0,0,0,0,0,0,0,1.9,23.6,0.2,3
34,"Jerricho Cotchery, Car WR",Wsh,Sun 1:00,0/0,0,0,0,0,0,0,2,24.3,0.2,3
35,"Albert Wilson, KC WR",@SD,Sun 4:05,0/0,0,0,0,0,0,0,2.3,28.3,0.2,2.9
36,"Marlon Brown, Bal WR",StL,Sun 1:00,0/0,0,0,0,0,0,0,2.1,28,0.1,2.8
37,"Riley Cooper, Phi WR",TB,Sun 1:00,0/0,0,0,0,0,0,0,1.5,21.5,0.1,2.8
38,Lions D/ST D/ST,Oak,Sun 1:00,0/0,0,0,0,0,0,0,0,0,0,2.8
39,Bills D/ST D/ST,@NE,Mon 8:30,0/0,0,0,0,0,0,0,0,0,0,2.8
40,"Jared Cook, StL TE",@Bal,Sun 1:00,0/0,0,0,0,0,0,0,2,23.5,0.1,2.7
41,"Maxx Williams, Bal TE",StL,Sun 1:00,0/0,0,0,0,0,0,0,2.5,27.7,0.1,2.7
42,Redskins D/ST D/ST,@Car,Sun 1:00,0/0,0,0,0,0,0,0,0,0,0,2.6
2,"PLAYER, TEAM POS",OPP,STATUS ET,C/A,YDS,TD,INT,RUSH,YDS,TD,REC,YDS,TD,PTS
3,"Chris Thompson, Wsh RB",@Car,Sun 1:00,0/0,0,0,0,1.9,8,0,2.8,25.9,0.1,2.6
4,"Brian Quick, StL WR",@Bal,Sun 1:00,0/0,0,0,0,0,0,0,1.6,23.1,0.1,2.6
5,"Kyle Juszczyk, Bal RB",StL,Sun 1:00,0/0,0,0,0,0,0,0,2.4,20.8,0.1,2.6
6,"Garrett Celek, SF TE",@Sea,Sun 4:25,0/0,0,0,0,0,0,0,2,21.3,0.1,2.5
7,"Jerome Simpson, SF WR",@Sea,Sun 4:25,0/0,0,0,0,0,0,0,1.6,22.2,0.1,2.4
8,"Wes Welker, StL WR",@Bal,Sun 1:00,0/0,0,0,0,0,0,0,2.1,21.3,0.1,2.4
9,"Travaris Cadet, SF RB",@Sea,Sun 4:25,0/0,0,0,0,3.2,11.3,0,1.3,10.4,0,2.3
10,"Mike Tolbert, Car RB",Wsh,Sun 1:00,0/0,0,0,0,3,11.3,0.2,0.9,6.5,0.1,2.3
11,"Marcel Reece, Oak RB",@Det,Sun 1:00,0/0,0,0,0,0.5,1.6,0,1.9,19.1,0.2,2.3
12,"Spencer Ware, KC RB",@SD,Sun 4:05,0/0,0,0,0,3,13.1,0.2,0.5,4,0,2.2
13,"De'Anthony Thomas, KC RB, WR",@SD,Sun 4:05,0/0,0,0,0,0.9,4.6,0,2.1,17.4,0.1,2.2
14,"John Phillips, SD TE",KC,Sun 4:05,0/0,0,0,0,0,0,0,1.4,15.7,0.2,2
15,"Marqise Lee, Jax WR  P",Ten,W 19-13,0/0,0,0,0,0.2,1.6,0,1.5,17.8,0.2,2
16,"David Johnson, Ari RB",Cin,Sun 8:30,0/0,0,0,0,1.7,7.9,0.1,1.4,14.4,0.1,1.9
17,"Rashad Greene, Jax WR  P",Ten,W 19-13,0/0,0,0,0,0,0,0,1.5,16.4,0.2,1.9
18,"Josh Huff, Phi WR  P",TB,Sun 1:00,0/0,0,0,0,0,0,0,1.3,14.4,0.1,1.9
19,"Marcedes Lewis, Jax TE",Ten,W 19-13,0/0,0,0,0,0,0,0,1.1,12.1,0.1,1.8
20,"Quincy Enunwa, NYJ WR",@Hou,Sun 1:00,0/0,0,0,0,0,0,0,1.7,19.6,0.1,1.8
21,"Andre Holmes, Oak WR",@Det,Sun 1:00,0/0,0,0,0,0,0,0,0.9,15,0.1,1.8
22,"Tevin Coleman, Atl RB",Ind,Sun 1:00,0/0,0,0,0,3.6,15.4,0.1,0.4,3.4,0,1.8
23,"Griff Whalen, Ind WR",@Atl,Sun 1:00,0/0,0,0,0,0,0,0,1.7,19.4,0.1,1.8
24,"Robert Turbin, Dal RB",@Mia,Sun 1:00,0/0,0,0,0,3.4,13.5,0.1,0.5,4.2,0,1.8
25,"Justin Perillo, GB TE",@Min,Sun 4:25,0/0,0,0,0,0,0,0,1.1,12.8,0.1,1.8
26,"Dion Sims, Mia TE",Dal,Sun 1:00,0/0,0,0,0,0,0,0,1.5,16.8,0.1,1.8
27,"Ameer Abdullah, Det RB",Oak,Sun 1:00,0/0,0,0,0,4.9,19.8,0.1,0.9,7.6,0,1.7
28,"Thomas Rawls, Sea RB",SF,Sun 4:25,0/0,0,0,0,4.3,19.5,0.1,0.5,3.8,0,1.7
29,"David Cobb, Ten RB",@Jax,L 13-19,0/0,0,0,0,4.1,14.2,0.1,0.5,4.1,0,1.7
30,"Aaron Dobson, NE WR",Buf,Mon 8:30,0/0,0,0,0,0,0,0,1.1,13.8,0.1,1.7
31,"Ahmad Bradshaw, Ind RB",@Atl,Sun 1:00,0/0,0,0,0,4.1,16.9,0.1,1.2,9.7,0,1.6
32,"Chris Polk, Hou RB  Q",NYJ,Sun 1:00,0/0,0,0,0,4.5,17.1,0.1,1.1,9.6,0,1.6
33,"Ed Dickson, Car TE",Wsh,Sun 1:00,0/0,0,0,0,0,0,0,1.1,13.6,0.1,1.6
34,"Denard Robinson, Jax RB",Ten,W 19-13,0/0,0,0,0,3.8,14.9,0.1,0.9,6.6,0,1.6
35,"Jarius Wright, Min WR",GB,Sun 4:25,0/0,0,0,0,0,0,0,1.5,19.8,0.1,1.6
36,"Owen Daniels, Den TE  P",@Chi,Sun 1:00,0/0,0,0,0,0,0,0,1.1,12.2,0.1,1.6
37,"Taiwan Jones, Oak RB, CB",@Det,Sun 1:00,0/0,0,0,0,2.5,11,0.1,0.5,4.4,0,1.6
38,"Lance Kendricks, StL TE",@Bal,Sun 1:00,0/0,0,0,0,0,0,0,1.3,13.3,0.1,1.5
39,"Derek Carrier, Wsh TE",@Car,Sun 1:00,0/0,0,0,0,0,0,0,1.2,13.5,0.1,1.5
40,"Miles Austin, Phi WR",TB,Sun 1:00,0/0,0,0,0,0,0,0,1.1,14.1,0.1,1.5
41,"Kendall Gaskins, SF RB",@Sea,Sun 4:25,0/0,0,0,0,5.3,18.8,0.1,0.8,6.2,0,1.5
42,"Luke Willson, Sea TE  P",SF,Sun 4:25,0/0,0,0,0,0,0,0,1,12.2,0.1,1.5
2,"PLAYER, TEAM POS",OPP,STATUS ET,C/A,YDS,TD,INT,RUSH,YDS,TD,REC,YDS,TD,PTS
3,"Brandon Myers, TB TE",@Phi,Sun 1:00,0/0,0,0,0,0,0,0,1.3,15.1,0.1,1.4
4,"Charles Johnson, Min WR",GB,Sun 4:25,0/0,0,0,0,0,0,0,0.9,12.8,0.1,1.4
5,"Bennie Fowler, Den WR",@Chi,Sun 1:00,0/0,0,0,0,0,0,0,1.7,17.9,0.1,1.4
6,"MyCole Pruitt, Min TE",GB,Sun 4:25,0/0,0,0,0,0,0,0,1,10.9,0.1,1.4
7,"Jeremy Butler, Bal WR",StL,Sun 1:00,0/0,0,0,0,0,0,0,1,14.4,0.1,1.4
8,"Cameron Meredith, Chi WR",Den,Sun 1:00,0/0,0,0,0,0,0,0,0.9,11.5,0.1,1.4
9,"Kevin Smith, Sea WR",SF,Sun 4:25,0/0,0,0,0,0,0,0,0.9,11.9,0.1,1.4
10,"Jason Avant, KC WR",@SD,Sun 4:05,0/0,0,0,0,0,0,0,1,11.8,0.1,1.3
11,"Greg Jennings, Mia WR",Dal,Sun 1:00,0/0,0,0,0,0,0,0,0.9,11.6,0.1,1.3
12,"Cameron Brate, TB TE",@Phi,Sun 1:00,0/0,0,0,0,0,0,0,1,10.7,0.1,1.3
13,"Tre McBride, Ten WR",@Jax,L 13-19,0/0,0,0,0,0,0,0,0.7,10,0.1,1.3
14,"Donteea Dye, TB WR",@Phi,Sun 1:00,0/0,0,0,0,0,0,0,1.1,15.2,0.1,1.3
15,"Nick Boyle, Bal TE  D",StL,Sun 1:00,0/0,0,0,0,0,0,0,1.1,11.2,0.1,1.3
16,"Jamize Olawale, Oak RB",@Det,Sun 1:00,0/0,0,0,0,2.7,9.7,0.1,0.5,4.5,0.1,0.9
17,"Brandon Bolden, NE RB",Buf,Mon 8:30,0/0,0,0,0,1.5,6.8,0.1,0.8,5.9,0,0.7
18,"Matt Asiata, Min RB  P",GB,Sun 4:25,0/0,0,0,0,1.4,5.6,0.1,1.2,8.6,0,0.7
19,"Lee Smith, Oak TE  D",@Det,Sun 1:00,0/0,0,0,0,0,0,0,0.7,8.5,0.1,0.6
20,"Brandon Pettigrew, Det TE",Oak,Sun 1:00,0/0,0,0,0,0,0,0,1,9.8,0.1,0.5
21,"Bryan Walters, Jax WR  P",Ten,W 19-13,0/0,0,0,0,0,0,0,0.6,8.6,0.1,0.5
22,"Jack Doyle, Ind TE",@Atl,Sun 1:00,0/0,0,0,0,0,0,0,0.9,7.3,0.1,0.5
23,"Keith Mumphery, Hou WR",NYJ,Sun 1:00,0/0,0,0,0,0,0,0,0.6,8.6,0,0.5
24,"Jeremy Kerley, NYJ WR",@Hou,Sun 1:00,0/0,0,0,0,0,0,0,0.6,7.5,0.1,0.5
25,"C.J. Fiedorowicz, Hou TE",NYJ,Sun 1:00,0/0,0,0,0,0,0,0,0.9,9.4,0.1,0.5
26,"Gavin Escobar, Dal TE",@Mia,Sun 1:00,0/0,0,0,0,0,0,0,0.7,7.4,0.1,0.4
27,"James Hanna, Dal TE",@Mia,Sun 1:00,0/0,0,0,0,0,0,0,0.7,7.4,0.1,0.4
28,"J.J. Nelson, Ari WR",Cin,Sun 8:30,0/0,0,0,0,0,0,0,0.6,9.3,0.1,0.4
29,"Fozzy Whittaker, Car RB  P",Wsh,Sun 1:00,0/0,0,0,0,1.6,7.3,0,0.7,5.1,0,0.4
30,"Brenton Bersin, Car WR",Wsh,Sun 1:00,0/0,0,0,0,0,0,0,0.6,8,0.1,0.4
31,"Brent Celek, Phi TE",TB,Sun 1:00,0/0,0,0,0,0,0,0,0.7,8.3,0.1,0.4
32,"Donald Brown, SD RB",KC,Sun 4:05,0/0,0,0,0,2.4,9.4,0,0.5,4.1,0,0.4
33,"Jerick McKinnon, Min RB",GB,Sun 4:25,0/0,0,0,0,2,8.9,0,0.6,4.4,0,0.4
34,"Fred Jackson, Sea RB",SF,Sun 4:25,0/0,0,0,0,0.9,3.6,0,1.1,9.2,0,0.3
35,"Ryan Hewitt, Cin TE",@Ari,Sun 8:30,0/0,0,0,0,0,0,0,0.8,6.6,0.1,0.3
36,"Jeff Cumberland, NYJ TE",@Hou,Sun 1:00,0/0,0,0,0,0,0,0,0.6,6.9,0.1,0.3
37,"Jeremy Ross, Bal WR",StL,Sun 1:00,0/0,0,0,0,0,0,0,0,0,0,0.3
38,"Demetrius Harris, KC TE",@SD,Sun 4:05,0/0,0,0,0,0,0,0,0.6,7.2,0.1,0.3
39,"Rhett Ellison, Min TE",GB,Sun 4:25,0/0,0,0,0,0,0,0,1,8.4,0,0.3
40,"Bruce Ellington, SF WR",@Sea,Sun 4:25,0/0,0,0,0,0.2,1.4,0,0.2,2.4,0,0.3
41,"Quan Bray, Ind RB",@Atl,Sun 1:00,0/0,0,0,0,0,0,0,0,0,0,0.3
42,"Tyrell Williams, SD WR",KC,Sun 4:05,0/0,0,0,0,0,0,0,0.5,6.9,0,0.3
2,"PLAYER, TEAM POS",OPP,STATUS ET,C/A,YDS,TD,INT,RUSH,YDS,TD,REC,YDS,TD,PTS
3,"Rod Smith, Dal RB",@Mia,Sun 1:00,0/0,0,0,0,0.9,3.5,0,0.3,2,0,0.3
4,"Corey Fuller, Det WR",Oak,Sun 1:00,0/0,0,0,0,0,0,0,0.5,6.7,0,0.3
5,"Luke Stocker, TB TE",@Phi,Sun 1:00,0/0,0,0,0,0,0,0,0.8,8.5,0,0.3
6,"Levine Toilolo, Atl TE",Ind,Sun 1:00,0/0,0,0,0,0,0,0,0.5,5.8,0,0.2
7,"Andre Caldwell, Den WR",@Chi,Sun 1:00,0/0,0,0,0,0,0,0,0.6,7.6,0,0.2
8,"Benjamin Cunningham, StL RB",@Bal,Sun 1:00,0/0,0,0,0,0.3,1,0,0.8,6.6,0,0.2
9,"Bobby Rainey, TB RB",@Phi,Sun 1:00,0/0,0,0,0,0.3,0.9,0,0.1,0.9,0,0.2
10,"Lucky Whitehead, Dal WR",@Mia,Sun 1:00,0/0,0,0,0,0.3,1.9,0,0.2,3,0,0.2
11,"Stevan Ridley, NYJ RB",@Hou,Sun 1:00,0/0,0,0,0,1.4,6.1,0,0,0,0,0.2
12,"Devin Smith, NYJ WR",@Hou,Sun 1:00,0/0,0,0,0,0,0,0,0.4,4.9,0,0.2
13,"Craig Stevens, Ten TE",@Jax,L 13-19,0/0,0,0,0,0,0,0,0.4,4.9,0,0.2
14,"Virgil Green, Den TE  P",@Chi,Sun 1:00,0/0,0,0,0,0,0,0,0.4,4.5,0,0.2
15,"Damien Williams, Mia RB  P",Dal,Sun 1:00,0/0,0,0,0,0.1,0.5,0,0.6,5,0,0.2
16,"Clay Harbor, Jax TE",Ten,W 19-13,0/0,0,0,0,0,0,0,0.2,2.7,0,0.2
17,"Eric Weems, Atl WR",Ind,Sun 1:00,0/0,0,0,0,0,0,0,0,0,0,0.2
18,"Cordarrelle Patterson, Min WR",GB,Sun 4:25,0/0,0,0,0,0.3,1.8,0,0,0,0,0.2
19,"Darrel Young, Wsh RB",@Car,Sun 1:00,0/0,0,0,0,0.7,2.2,0,0.2,1.3,0,0.1
20,"Chris Matthews, Sea WR",SF,Sun 4:25,0/0,0,0,0,0,0,0,0.3,4.7,0,0.1
21,"Patrick DiMarco, Atl RB",Ind,Sun 1:00,0/0,0,0,0,0,0,0,0.4,3.6,0,0.1
22,"Rex Burkhead, Cin RB",@Ari,Sun 8:30,0/0,0,0,0,0,0,0,0.5,4.3,0,0.1
23,"Quinton Patton, SF WR",@Sea,Sun 4:25,0/0,0,0,0,0,0,0,0.5,7.1,0,0.1
24,"Kellen Davis, NYJ TE",@Hou,Sun 1:00,0/0,0,0,0,0,0,0,0.2,2.7,0,0.1
25,"Rashad Ross, Wsh WR",@Car,Sun 1:00,0/0,0,0,0,0,0,0,0,0,0,0.1
26,"Jeff Janis, GB WR",@Min,Sun 4:25,0/0,0,0,0,0,0,0,0.2,3.1,0,0.1
27,"Michael Burton, Det RB",Oak,Sun 1:00,0/0,0,0,0,0.6,2,0,0,0,0,0.1
28,"Chris Conley, KC WR",@SD,Sun 4:05,0/0,0,0,0,0,0,0,0.3,3.6,0,0.1
29,"John Kuhn, GB RB",@Min,Sun 4:25,0/0,0,0,0,0,0,0,0.2,1.9,0,0.1
30,"Devin Street, Dal WR",@Mia,Sun 1:00,0/0,0,0,0,0,0,0,0.2,2.9,0,0.1
31,"Bruce Miller, SF RB",@Sea,Sun 4:25,0/0,0,0,0,0,0,0,0.8,6.5,0,0.1
32,"Michael Williams, NE TE",Buf,Mon 8:30,0/0,0,0,0,0,0,0,0.1,1.3,0,0.1
33,"Blake Bell, SF TE",@Sea,Sun 4:25,0/0,0,0,0,0,0,0,0.4,4.9,0,0.1
34,"Brandon Tate, Cin WR",@Ari,Sun 8:30,0/0,0,0,0,0,0,0,0,0,0,0.1
35,"Chris Gragg, Buf TE",@NE,Mon 8:30,0/0,0,0,0,0,0,0,0.2,2.1,0,0.1
36,"Justin Hardy, Atl WR",Ind,Sun 1:00,0/0,0,0,0,0,0,0,0.2,3.2,0,0.1
37,"Anthony Sherman, KC RB",@SD,Sun 4:05,0/0,0,0,0,0.1,0.4,0,0.1,1.1,0,0.1
38,"Antone Smith, Chi RB",Den,Sun 1:00,0/0,0,0,0,0.6,2,0,0,0,0,0.1
39,"Terron Ward, Atl RB",Ind,Sun 1:00,0/0,0,0,0,0,0,0,0.4,3.5,0,0.1
40,"Daniel Herron, Buf RB",@NE,Mon 8:30,0/0,0,0,0,0,0,0,0,0,0,0.1
41,"Matthew Slater, NE WR",Buf,Mon 8:30,0/0,0,0,0,0,0,0,0.1,1.8,0,0.1
42,"Knile Davis, KC RB",@SD,Sun 4:05,0/0,0,0,0,0,0,0,0,0,0,0.1
2,"PLAYER, TEAM POS",OPP,STATUS ET,C/A,YDS,TD,INT,RUSH,YDS,TD,REC,YDS,TD,PTS
3,"David Johnson, SD TE",KC,Sun 4:05,0/0,0,0,0,0,0,0,0,0,0,0.1
4,"Jalston Fowler, Ten RB",@Jax,L 13-19,0/0,0,0,0,0,0,0,0.2,2.2,0,0.1
5,"Tony Moeaki, Atl TE",Ind,Sun 1:00,0/0,0,0,0,0,0,0,0.1,1.5,0,0.1
6,"Juwan Thompson, Den RB",@Chi,Sun 1:00,0/0,0,0,0,0.3,1.3,0,0.1,1,0,0.1
7,"Adam Humphries, TB WR",@Phi,Sun 1:00,0/0,0,0,0,0,0,0,0.3,3.3,0,0.1
8,"Zac Stacy*, NYJ RB  IR",@Hou,Sun 1:00,0/0,0,0,0,0,0,0,0,0,0,0.1
9,"TJ Jones, Det WR",Oak,Sun 1:00,0/0,0,0,0,0,0,0,0,0,0,0
10,"Tommy Bohanon, NYJ RB",@Hou,Sun 1:00,0/0,0,0,0,0,0,0,0.1,1.1,0,0
11,"Jorvorskie Lane, TB RB",@Phi,Sun 1:00,0/0,0,0,0,0,0,0,0.2,1.9,0,0
12,"Ryan Grant, Wsh WR",@Car,Sun 1:00,0/0,0,0,0,0,0,0,0.1,1.5,0,0
13,"Denarius Moore, Buf WR",@NE,Mon 8:30,0/0,0,0,0,0,0,0,0,0,0,0
14,"Matt McGloin, Oak QB",@Det,Sun 1:00,0.1/0.2,1.4,0,0,0,0,0,0,0,0,0
15,"Cody Latimer, Den WR",@Chi,Sun 1:00,0/0,0,0,0,0,0,0,0.1,1.3,0,0
16,"Jimmy Garoppolo, NE QB",Buf,Mon 8:30,0.1/0.2,1.2,0,0,0,0,0,0,0,0,0
17,"Drew Stanton, Ari QB",Cin,Sun 8:30,0.1/0.2,1.4,0,0,0,0,0,0,0,0,0
18,"Ty Montgomery, GB WR  D",@Min,Sun 4:25,0/0,0,0,0,0,0,0,0,0,0,0
19,"Chad Henne, Jax QB",Ten,W 19-13,0.1/0.2,1.3,0,0,0,0,0,0,0,0,0
20,"Dan Orlovsky, Det QB",Oak,Sun 1:00,0.1/0.2,1.5,0,0,0,0,0,0,0,0,0
21,"Andre Roberts, Wsh WR  P",@Car,Sun 1:00,0/0,0,0,0,0,0,0,0,0,0,0
22,"Kellen Clemens, SD QB",KC,Sun 4:05,0.1/0.2,1.3,0,0,0,0,0,0,0,0,0
23,"Raheem Mostert, Bal RB",StL,Sun 1:00,0/0,0,0,0,0,0,0,0,0,0,0
24,"Bradley Marquez, StL WR",@Bal,Sun 1:00,0/0,0,0,0,0,0,0,0.1,1.1,0,0
25,"Cory Harkey, StL TE",@Bal,Sun 1:00,0/0,0,0,0,0,0,0,0.1,0.8,0,0
26,"Scott Tolzien, GB QB",@Min,Sun 4:25,0.1/0.2,1.3,0,0,0,0,0,0,0,0,0
27,"Jay Prosch, Hou RB",NYJ,Sun 1:00,0/0,0,0,0,0.2,0.8,0,0,0,0,0
28,"Geno Smith, NYJ QB",@Hou,Sun 1:00,0.1/0.2,1.2,0,0,0,0,0,0,0,0,0
29,"Nick Williams, Atl WR",Ind,Sun 1:00,0/0,0,0,0,0,0,0,0,0,0,0
30,"Matt Cassel, Dal QB",@Mia,Sun 1:00,0.1/0.2,1.2,0,0,0,0,0,0,0,0,0
31,"Derek Anderson, Car QB",Wsh,Sun 1:00,0.1/0.1,1.1,0,0,0,0,0,0,0,0,0
32,"Corey Brown, Car WR  D",Wsh,Sun 1:00,0/0,0,0,0,0,0,0,0,0,0,0
33,"Charlie Whitehurst, Ind QB",@Atl,Sun 1:00,0.1/0.2,1.3,0,0,0,0,0,0,0,0,0
34,"AJ McCarron, Cin QB",@Ari,Sun 8:30,0.1/0.2,1.2,0,0,0,0,0,0,0,0,0
35,"Chase Daniel, KC QB",@SD,Sun 4:05,0.1/0.2,1.1,0,0,0,0,0,0,0,0,0
36,"Brandon Weeden, Hou QB",NYJ,Sun 1:00,0.1/0.2,1.5,0,0,0,0,0,0,0,0,0
37,"Eddie Royal*, Chi WR  O",Den,Sun 1:00,0/0,0,0,0,0,0,0,0,0,0,0
38,"Brittan Golden, Ari WR",Cin,Sun 8:30,0/0,0,0,0,0,0,0,0,0,0,0
39,"Tarvaris Jackson, Sea QB",SF,Sun 4:25,0.1/0.2,1.2,0,0,0,0,0,0,0,0,0
40,"Zach Mettenberger, Ten QB",@Jax,L 13-19,0.1/0.2,1.3,0,0,0,0,0,0,0,0,0
41,"EJ Manuel, Buf QB",@NE,Mon 8:30,0.1/0.2,1.1,0,0,0,0,0,0,0,0,0
42,"Roy Helu, Oak RB",@Det,Sun 1:00,0/0,0,0,0,0,0,0,0,0,0,0
2,"PLAYER, TEAM POS",OPP,STATUS ET,C/A,YDS,TD,INT,RUSH,YDS,TD,REC,YDS,TD,PTS
3,"Matt Schaub, Bal QB",StL,Sun 1:00,0.1/0.2,1.4,0,0,0,0,0,0,0,0,0
4,"Matt Moore, Mia QB",Dal,Sun 1:00,0.1/0.2,1.2,0,0,0,0,0,0,0,0,0
5,"Jimmy Clausen, Chi QB",Den,Sun 1:00,0.1/0.2,1.1,0,0,0,0,0,0,0,0,0
6,"Sean Renfree, Atl QB",Ind,Sun 1:00,0.1/0.2,1.3,0,0,0,0,0,0,0,0,0
7,"Thaddeus Lewis, Phi QB",TB,Sun 1:00,0.1/0.2,1.2,0,0,0,0,0,0,0,0,0
8,"Chase Reynolds, StL RB",@Bal,Sun 1:00,0/0,0,0,0,0,0,0,0,0,0,0
9,"Kenjon Barner, Phi RB",TB,Sun 1:00,0/0,0,0,0,0,0,0,0,0,0,0
10,"Nick Foles, StL QB",@Bal,Sun 1:00,0.1/0.1,1,0,0,0,0,0,0,0,0,0
11,"Bishop Sankey*, Ten RB  O",@Jax,L 13-19,0/0,0,0,0,0,0,0,0,0,0,0
12,"Trevor Siemian, Den QB",@Chi,Sun 1:00,0.1/0.2,1.2,0,0,0,0,0,0,0,0,0
13,"Shaun Hill, Min QB",GB,Sun 4:25,0.1/0.2,1,0,0,0,0,0,0,0,0,0
14,"Mike Glennon, TB QB",@Phi,Sun 1:00,0.1/0.2,1.3,0,0,0,0,0,0,0,0,0
15,"Colt McCoy, Wsh QB",@Car,Sun 1:00,0.1/0.2,1.2,0,0,0,0,0,0,0,0,0
16,"Peyton Manning*, Den QB  O",@Chi,Sun 1:00,0/0,0,0,0,0,0,0,0,0,0,0
17,"Brandon Stokley, Bal WR",StL,Sun 1:00,0/0,0,0,0,0,0,0,0,0,0,0
18,"Mike Vick, Pit QB",** BYE **,0/0,0,0,0,0,0,0,0,0,0,--,0
19,"Drew Brees, NO QB",** BYE **,0/0,0,0,0,0,0,0,0,0,0,--,0
20,"Steve Smith Sr.*, Bal WR  IR",StL,Sun 1:00,0/0,0,0,0,0,0,0,0,0,0,0
21,"Josh McCown, Cle QB  Q",** BYE **,0/0,0,0,0,0,0,0,0,0,0,--,0
22,"Eli Manning, NYG QB",** BYE **,0/0,0,0,0,0,0,0,0,0,0,--,0
23,"Ben Roethlisberger, Pit QB  P",** BYE **,0/0,0,0,0,0,0,0,0,0,0,--,0
24,"Benjamin Watson, NO TE",** BYE **,0/0,0,0,0,0,0,0,0,0,0,--,0
25,"Luke McCown*, NO QB  IR",** BYE **,0/0,0,0,0,0,0,0,0,0,0,--,0
26,"Malcom Floyd*, SD WR  O",KC,Sun 4:05,0/0,0,0,0,0,0,0,0,0,0,0
27,"Heath Miller, Pit TE",** BYE **,0/0,0,0,0,0,0,0,0,0,0,--,0
28,"Reggie Bush*, SF RB  IR",@Sea,Sun 4:25,0/0,0,0,0,0,0,0,0,0,0,0
29,"DeAngelo Williams, Pit RB",** BYE **,0/0,0,0,0,0,0,0,0,0,0,--,0
30,"Devin Hester*, Atl WR  IR",Ind,Sun 1:00,0/0,0,0,0,0,0,0,0,0,0,0
31,"Bruce Gradkowski*, Pit QB  IR",** BYE **,0/0,0,0,0,0,0,0,0,0,0,--,0
32,"Marques Colston, NO WR",** BYE **,0/0,0,0,0,0,0,0,0,0,0,--,0
33,"Daniel Fells*, NYG TE  IR",** BYE **,0/0,0,0,0,0,0,0,0,0,0,--,0
34,"Dwayne Bowe, Cle WR",** BYE **,0/0,0,0,0,0,0,0,0,0,0,--,0
35,"Jacoby Jones, Pit WR",** BYE **,0/0,0,0,0,0,0,0,0,0,0,--,0
36,"Matt Spaeth, Pit TE  Q",** BYE **,0/0,0,0,0,0,0,0,0,0,0,--,0
37,"Jordy Nelson*, GB WR  IR",@Min,Sun 4:25,0/0,0,0,0,0,0,0,0,0,0,0
38,"Matt Forte, Chi RB  Q",Den,Sun 1:00,0/0,0,0,0,0,0,0,0,0,0,0
39,"Jamaal Charles*, KC RB  IR",@SD,Sun 4:05,0/0,0,0,0,0,0,0,0,0,0,0
40,"Gary Barnidge, Cle TE",** BYE **,0/0,0,0,0,0,0,0,0,0,0,--,0
41,"Jerome Felton, Buf RB",@NE,Mon 8:30,0/0,0,0,0,0,0,0,0,0,0,0
42,"Tim Hightower, NO RB",** BYE **,0/0,0,0,0,0,0,0,0,0,0,--,0
2,"PLAYER, TEAM POS",OPP,STATUS ET,C/A,YDS,TD,INT,RUSH,YDS,TD,REC,YDS,TD,PTS
3,"Josh Johnson, Buf QB",@NE,Mon 8:30,0/0,0,0,0,0,0,0,0,0,0,0
4,"Matt Flynn, NO QB",** BYE **,0/0,0,0,0,0,0,0,0,0,0,--,0
5,"Matthew Mulligan, Buf TE",@NE,Mon 8:30,0/0,0,0,0,0,0,0,0,0,0,0
6,"Brian Hoyer*, Hou QB  O",NYJ,Sun 1:00,0/0,0,0,0,0,0,0,0,0,0,0
7,"Arian Foster*, Hou RB  IR",NYJ,Sun 1:00,0/0,0,0,0,0,0,0,0,0,0,0
8,"Rashad Jennings, NYG RB",** BYE **,0/0,0,0,0,0,0,0,0,0,0,--,0
9,"Cedric Peerman, Cin RB",@Ari,Sun 8:30,0/0,0,0,0,0,0,0,0,0,0,0
10,"Brandon Gibson*, NE WR  IR",Buf,Mon 8:30,0/0,0,0,0,0,0,0,0,0,0,0
11,"Brian Hartline, Cle WR",** BYE **,0/0,0,0,0,0,0,0,0,0,0,--,0
12,"Percy Harvin*, Buf WR  IR",@NE,Mon 8:30,0/0,0,0,0,0,0,0,0,0,0,0
13,"Darrius Heyward-Bey, Pit WR",** BYE **,0/0,0,0,0,0,0,0,0,0,0,--,0
14,"Louis Murphy*, TB WR  IR",@Phi,Sun 1:00,0/0,0,0,0,0,0,0,0,0,0,0
15,"Hakeem Nicks, NYG WR",** BYE **,0/0,0,0,0,0,0,0,0,0,0,--,0
16,"Jordan Norwood, Den WR",@Chi,Sun 1:00,0/0,0,0,0,0,0,0,0,0,0,0
17,"Julian Edelman*, NE WR  O",Buf,Mon 8:30,0/0,0,0,0,0,0,0,0,0,0,0
18,"Sam Bradford*, Phi QB  O",TB,Sun 1:00,0/0,0,0,0,0,0,0,0,0,0,0
19,"C.J. Spiller, NO RB",** BYE **,0/0,0,0,0,0,0,0,0,0,0,--,0
20,"Ryan Mathews*, Phi RB  O",TB,Sun 1:00,0/0,0,0,0,0,0,0,0,0,0,0
21,"Toby Gerhart, Jax RB  P",Ten,W 19-13,0/0,0,0,0,0,0,0,0,0,0,0
22,"Boobie Dixon, Buf RB",@NE,Mon 8:30,0/0,0,0,0,0,0,0,0,0,0,0
23,"Arrelious Benn*, Jax WR  IR",Ten,W 19-13,0/0,0,0,0,0,0,0,0,0,0,0
24,"Marcus Easley, Buf WR",@NE,Mon 8:30,0/0,0,0,0,0,0,0,0,0,0,0
25,"Dennis Pitta*, Bal TE  IR",StL,Sun 1:00,0/0,0,0,0,0,0,0,0,0,0,0
26,"Dorin Dickerson*, Ten TE  IR",@Jax,L 13-19,0/0,0,0,0,0,0,0,0,0,0,0
27,"Jim Dray, Cle TE",** BYE **,0/0,0,0,0,0,0,0,0,0,0,--,0
28,"Garrett Graham, Hou TE",NYJ,Sun 1:00,0/0,0,0,0,0,0,0,0,0,0,0
29,"Michael Hoomanawanui, NO TE",** BYE **,0/0,0,0,0,0,0,0,0,0,0,--,0
30,"Anthony McCoy, Wsh TE",@Car,Sun 1:00,0/0,0,0,0,0,0,0,0,0,0,0
31,"Andrew Quarless*, GB TE  IR",@Min,Sun 4:25,0/0,0,0,0,0,0,0,0,0,0,0
32,"Joe Webb, Car QB",Wsh,Sun 1:00,0/0,0,0,0,0,0,0,0,0,0,0
33,"Kyle Williams*, Den WR  IR",@Chi,Sun 1:00,0/0,0,0,0,0,0,0,0,0,0,0
34,"Seyi Ajirotutu, Phi WR",TB,Sun 1:00,0/0,0,0,0,0,0,0,0,0,0,0
35,"Richie Brockel, Car TE",Wsh,Sun 1:00,0/0,0,0,0,0,0,0,0,0,0,0
36,"Victor Cruz*, NYG WR  IR",** BYE **,0/0,0,0,0,0,0,0,0,0,0,--,0
37,"Marlon Moore, Cle WR",** BYE **,0/0,0,0,0,0,0,0,0,0,0,--,0
38,"David Nelson*, Pit WR  IR",** BYE **,0/0,0,0,0,0,0,0,0,0,0,--,0
39,"Logan Paulsen*, Wsh TE  IR",@Car,Sun 1:00,0/0,0,0,0,0,0,0,0,0,0,0
40,"Antonio Brown, Pit WR",** BYE **,0/0,0,0,0,0,0,0,0,0,0,--,0
41,"James Develin*, NE RB  IR",Buf,Mon 8:30,0/0,0,0,0,0,0,0,0,0,0,0
42,"Tyler Clutts, Dal RB",@Mia,Sun 1:00,0/0,0,0,0,0,0,0,0,0,0,0
2,"PLAYER, TEAM POS",OPP,STATUS ET,C/A,YDS,TD,INT,RUSH,YDS,TD,REC,YDS,TD,PTS
3,"Andrew Hawkins, Cle WR  Q",** BYE **,0/0,0,0,0,0,0,0,0,0,0,--,0
4,"Mark Ingram, NO RB",** BYE **,0/0,0,0,0,0,0,0,0,0,0,--,0
5,"Colin Kaepernick*, SF QB  IR",@Sea,Sun 4:25,0/0,0,0,0,0,0,0,0,0,0,0
6,"Rob Housler*, Cle TE  O",** BYE **,0/0,0,0,0,0,0,0,0,0,0,--,0
7,"Shane Vereen, NYG RB",** BYE **,0/0,0,0,0,0,0,0,0,0,0,--,0
8,"Ricky Stanzi, NYG QB",** BYE **,0/0,0,0,0,0,0,0,0,0,0,--,0
9,"Dwayne Harris, NYG WR",** BYE **,0/0,0,0,0,0,0,0,0,0,0,--,0
10,"Niles Paul*, Wsh TE  IR",@Car,Sun 1:00,0/0,0,0,0,0,0,0,0,0,0,0
11,"Jordan Todman, Pit RB",** BYE **,0/0,0,0,0,0,0,0,0,0,0,--,0
12,"Jacquizz Rodgers*, Chi RB  IR",Den,Sun 1:00,0/0,0,0,0,0,0,0,0,0,0,0
13,"Dion Lewis*, NE RB  IR",Buf,Mon 8:30,0/0,0,0,0,0,0,0,0,0,0,0
14,"Richard Gordon, Den TE",@Chi,Sun 1:00,0/0,0,0,0,0,0,0,0,0,0,0
15,"Anthony Allen, Bal RB",StL,Sun 1:00,0/0,0,0,0,0,0,0,0,0,0,0
16,"Armon Binns, KC WR",@SD,Sun 4:05,0/0,0,0,0,0,0,0,0,0,0,0
17,"Robert Hughes, Ari RB",Cin,Sun 8:30,0/0,0,0,0,0,0,0,0,0,0,0
18,"Ricardo Lockette*, Sea WR  IR",SF,Sun 4:25,0/0,0,0,0,0,0,0,0,0,0,0
19,"Joe Morgan, Bal WR",StL,Sun 1:00,0/0,0,0,0,0,0,0,0,0,0,0
20,"Allen Reisner*, Bal TE  IR",StL,Sun 1:00,0/0,0,0,0,0,0,0,0,0,0,0
21,"Konrad Reuland, Bal TE",StL,Sun 1:00,0/0,0,0,0,0,0,0,0,0,0,0
22,"Will Johnson, Pit RB",** BYE **,0/0,0,0,0,0,0,0,0,0,0,--,0
23,"Andrew Luck*, Ind QB  O",@Atl,Sun 1:00,0/0,0,0,0,0,0,0,0,0,0,0
24,"Robert Griffin, Wsh QB",@Car,Sun 1:00,0/0,0,0,0,0,0,0,0,0,0,0
25,"Kellen Moore, Dal QB",@Mia,Sun 1:00,0/0,0,0,0,0,0,0,0,0,0,0
26,"Isaiah Pead, Pit RB  Q",** BYE **,0/0,0,0,0,0,0,0,0,0,0,--,0
27,"Bernard Pierce*, Jax RB  O",Ten,W 19-13,0/0,0,0,0,0,0,0,0,0,0,0
28,"Ladarius Green, SD TE  Q",KC,Sun 4:05,0/0,0,0,0,0,0,0,0,0,0,0
29,"Justin Blackmon, Jax WR  SSPD",Ten,W 19-13,0/0,0,0,0,0,0,0,0,0,0,0
30,"Kendall Wright*, Ten WR  O",@Jax,L 13-19,0/0,0,0,0,0,0,0,0,0,0,0
31,"Stephen Hill*, Car WR  IR",Wsh,Sun 1:00,0/0,0,0,0,0,0,0,0,0,0,0
32,"Rueben Randle, NYG WR",** BYE **,0/0,0,0,0,0,0,0,0,0,0,--,0
33,"Alshon Jeffery, Chi WR  Q",Den,Sun 1:00,0/0,0,0,0,0,0,0,0,0,0,0
34,"T.J. Graham, NO WR",** BYE **,0/0,0,0,0,0,0,0,0,0,0,--,0
35,"Nick Toon, NO WR  Q",** BYE **,0/0,0,0,0,0,0,0,0,0,0,--,0
36,"Devon Wylie, Oak WR",@Det,Sun 1:00,0/0,0,0,0,0,0,0,0,0,0,0
37,"Travis Benjamin, Cle WR",** BYE **,0/0,0,0,0,0,0,0,0,0,0,--,0
38,"Bryce Brown, Sea RB",SF,Sun 4:25,0/0,0,0,0,0,0,0,0,0,0,0
39,"Collin Mooney*, Atl RB  IR",Ind,Sun 1:00,0/0,0,0,0,0,0,0,0,0,0,0
40,"Austin Davis, Cle QB",** BYE **,0/0,0,0,0,0,0,0,0,0,0,--,0
41,"Nathan Palmer, Den WR",@Chi,Sun 1:00,0/0,0,0,0,0,0,0,0,0,0,0
42,"Chris Owusu*, NYJ WR  IR",@Hou,Sun 1:00,0/0,0,0,0,0,0,0,0,0,0,0
2,"PLAYER, TEAM POS",OPP,STATUS ET,C/A,YDS,TD,INT,RUSH,YDS,TD,REC,YDS,TD,PTS
3,"Brian Tyms*, NE WR  IR",Buf,Mon 8:30,0/0,0,0,0,0,0,0,0,0,0,0
4,"Phillip Supernaw, Ten TE",@Jax,L 13-19,0/0,0,0,0,0,0,0,0,0,0,0
5,"Joe Banyard*, Jax RB  O",Ten,W 19-13,0/0,0,0,0,0,0,0,0,0,0,0
6,"G.J. Kinne, Phi QB",TB,Sun 1:00,0/0,0,0,0,0,0,0,0,0,0,0
7,"Derrick Coleman, Sea RB",SF,Sun 4:25,0/0,0,0,0,0,0,0,0,0,0,0
8,"Jonas Gray, Mia RB",Dal,Sun 1:00,0/0,0,0,0,0,0,0,0,0,0,0
9,"Lance Dunbar*, Dal RB  IR",@Mia,Sun 1:00,0/0,0,0,0,0,0,0,0,0,0,0
10,"Dominique Jones, Den TE",@Chi,Sun 1:00,0/0,0,0,0,0,0,0,0,0,0,0
11,"Rod Streater, Oak WR",@Det,Sun 1:00,0/0,0,0,0,0,0,0,0,0,0,0
12,"Matt Simms, Buf QB",@NE,Mon 8:30,0/0,0,0,0,0,0,0,0,0,0,0
13,"Deonte Thompson, Chi WR",Den,Sun 1:00,0/0,0,0,0,0,0,0,0,0,0,0
14,"Sean McGrath, SD TE",KC,Sun 4:05,0/0,0,0,0,0,0,0,0,0,0,0
15,"LaRon Byrd, Mia WR",Dal,Sun 1:00,0/0,0,0,0,0,0,0,0,0,0,0
16,"Chase Ford, Bal TE",StL,Sun 1:00,0/0,0,0,0,0,0,0,0,0,0,0
17,"Cooper Helfet, Sea TE",SF,Sun 4:25,0/0,0,0,0,0,0,0,0,0,0,0
18,"Brandon Bostick, Min TE",GB,Sun 4:25,0/0,0,0,0,0,0,0,0,0,0,0
19,"Alex Tanney, Ten QB",@Jax,L 13-19,0/0,0,0,0,0,0,0,0,0,0,0
20,"Josh Gordon, Cle WR  SSPD",** BYE **,0/0,0,0,0,0,0,0,0,0,0,--,0
21,"Larry Donnell, NYG TE  Q",** BYE **,0/0,0,0,0,0,0,0,0,0,0,--,0
22,"Ifeanyi Momah*, Ari WR  IR",Cin,Sun 8:30,0/0,0,0,0,0,0,0,0,0,0,0
23,"Keenan Allen*, SD WR  IR",KC,Sun 4:05,0/0,0,0,0,0,0,0,0,0,0,0
24,"Stedman Bailey, StL WR  SSPD",@Bal,Sun 1:00,0/0,0,0,0,0,0,0,0,0,0,0
25,"Le'Veon Bell*, Pit RB  IR",** BYE **,0/0,0,0,0,0,0,0,0,0,0,--,0
26,"Marquise Goodwin*, Buf WR  IR",@NE,Mon 8:30,0/0,0,0,0,0,0,0,0,0,0,0
27,"Justin Hunter*, Ten WR  IR",@Jax,L 13-19,0/0,0,0,0,0,0,0,0,0,0,0
28,"Christine Michael, FA RB",** BYE **,0/0,0,0,0,0,0,0,0,0,0,--,0
29,"Markus Wheaton, Pit WR",** BYE **,0/0,0,0,0,0,0,0,0,0,0,--,0
30,"Ryan Nassib, NYG QB",** BYE **,0/0,0,0,0,0,0,0,0,0,0,--,0
31,"Brice Butler*, Dal WR  O",@Mia,Sun 1:00,0/0,0,0,0,0,0,0,0,0,0,0
32,"B.J. Daniels, Sea QB, WR",SF,Sun 4:25,0/0,0,0,0,0,0,0,0,0,0,0
33,"Landry Jones, Pit QB  Q",** BYE **,0/0,0,0,0,0,0,0,0,0,0,--,0
34,"Tavarres King, TB WR",@Phi,Sun 1:00,0/0,0,0,0,0,0,0,0,0,0,0
35,"Zac Dysert, Chi QB",Den,Sun 1:00,0/0,0,0,0,0,0,0,0,0,0,0
36,"Matt Barkley, Ari QB",Cin,Sun 8:30,0/0,0,0,0,0,0,0,0,0,0,0
37,"Mike Gillislee, Buf RB",@NE,Mon 8:30,0/0,0,0,0,0,0,0,0,0,0,0
38,"Mike James, TB RB",@Phi,Sun 1:00,0/0,0,0,0,0,0,0,0,0,0,0
39,"Stepfan Taylor, Ari RB",Cin,Sun 8:30,0/0,0,0,0,0,0,0,0,0,0,0
40,"Justice Cunningham, StL TE  Q",@Bal,Sun 1:00,0/0,0,0,0,0,0,0,0,0,0,0
41,"Josh Boyce*, NE WR  IR",Buf,Mon 8:30,0/0,0,0,0,0,0,0,0,0,0,0
42,"Brad Sorensen, SD QB",KC,Sun 4:05,0/0,0,0,0,0,0,0,0,0,0,0
2,"PLAYER, TEAM POS",OPP,STATUS ET,C/A,YDS,TD,INT,RUSH,YDS,TD,REC,YDS,TD,PTS
3,"Kerwynn Williams, Ari RB",Cin,Sun 8:30,0/0,0,0,0,0,0,0,0,0,0,0
4,"Michael Hill*, Dal RB  IR",@Mia,Sun 1:00,0/0,0,0,0,0,0,0,0,0,0,0
5,"Ryan Griffin, TB QB",@Phi,Sun 1:00,0/0,0,0,0,0,0,0,0,0,0,0
6,"Josh Hill, NO TE",** BYE **,0/0,0,0,0,0,0,0,0,0,0,--,0
7,"Chris Pantale, Chi TE",Den,Sun 1:00,0/0,0,0,0,0,0,0,0,0,0,0
8,"Russell Shepard, TB WR",@Phi,Sun 1:00,0/0,0,0,0,0,0,0,0,0,0,0
9,"Ryan Spadola, Ari WR",Cin,Sun 8:30,0/0,0,0,0,0,0,0,0,0,0,0
10,"Matthew Tucker*, Phi RB  IR",TB,Sun 1:00,0/0,0,0,0,0,0,0,0,0,0,0
11,"Jeff Tuel, Jax QB",Ten,W 19-13,0/0,0,0,0,0,0,0,0,0,0,0
12,"Tyler Bray*, KC QB  O",@SD,Sun 4:05,0/0,0,0,0,0,0,0,0,0,0,0
13,"Timothy Wright, Det TE",Oak,Sun 1:00,0/0,0,0,0,0,0,0,0,0,0,0
14,"Brandon Williams, Mia TE",Dal,Sun 1:00,0/0,0,0,0,0,0,0,0,0,0,0
15,"MarQueis Gray*, Buf TE  IR",@NE,Mon 8:30,0/0,0,0,0,0,0,0,0,0,0,0
16,"Joseph Fauria, Ari TE",Cin,Sun 8:30,0/0,0,0,0,0,0,0,0,0,0,0
17,"Zach Line, Min RB",GB,Sun 4:25,0/0,0,0,0,0,0,0,0,0,0,0
18,"Rodney Smith, Cle WR",** BYE **,0/0,0,0,0,0,0,0,0,0,0,--,0
19,"Zach Sudfeld*, NYJ TE  IR",@Hou,Sun 1:00,0/0,0,0,0,0,0,0,0,0,0,0
20,"George Winn, Det RB",Oak,Sun 1:00,0/0,0,0,0,0,0,0,0,0,0,0
21,"Jake Stoneburner, Mia TE",Dal,Sun 1:00,0/0,0,0,0,0,0,0,0,0,0,0
22,"Cierre Wood*, Buf RB  IR",@NE,Mon 8:30,0/0,0,0,0,0,0,0,0,0,0,0
23,"Khiry Robinson*, NO RB  IR",** BYE **,0/0,0,0,0,0,0,0,0,0,0,--,0
24,"Myles White, NYG WR",** BYE **,0/0,0,0,0,0,0,0,0,0,0,--,0
25,"Kelvin Benjamin*, Car WR  IR",Wsh,Sun 1:00,0/0,0,0,0,0,0,0,0,0,0,0
26,"Brandin Cooks, NO WR",** BYE **,0/0,0,0,0,0,0,0,0,0,0,--,0
27,"Odell Beckham Jr., NYG WR",** BYE **,0/0,0,0,0,0,0,0,0,0,0,--,0
28,"Johnny Manziel, Cle QB  P",** BYE **,0/0,0,0,0,0,0,0,0,0,0,--,0
29,"Carlos Hyde*, SF RB  O",@Sea,Sun 4:25,0/0,0,0,0,0,0,0,0,0,0,0
30,"Paul Richardson*, Sea WR  O",SF,Sun 4:25,0/0,0,0,0,0,0,0,0,0,0,0
31,"Terrance West, Bal RB",StL,Sun 1:00,0/0,0,0,0,0,0,0,0,0,0,0
32,"Jace Amaro*, NYJ TE  IR",@Hou,Sun 1:00,0/0,0,0,0,0,0,0,0,0,0,0
33,"Austin Seferian-Jenkins, TB TE  Q",@Phi,Sun 1:00,0/0,0,0,0,0,0,0,0,0,0,0
34,"Troy Niklas, Ari TE",Cin,Sun 8:30,0/0,0,0,0,0,0,0,0,0,0,0
35,"Garrett Gilbert, Det QB",Oak,Sun 1:00,0/0,0,0,0,0,0,0,0,0,0,0
36,"Logan Thomas, Mia QB",Dal,Sun 1:00,0/0,0,0,0,0,0,0,0,0,0,0
37,"David Fales, Chi QB",Den,Sun 1:00,0/0,0,0,0,0,0,0,0,0,0,0
38,"Jared Abbrederis*, GB WR  O",@Min,Sun 4:25,0/0,0,0,0,0,0,0,0,0,0,0
39,"Tyler Gaffney*, NE RB  IR",Buf,Mon 8:30,0/0,0,0,0,0,0,0,0,0,0,0
40,"Kevin Norwood, Car WR",Wsh,Sun 1:00,0/0,0,0,0,0,0,0,0,0,0,0
41,"Martavis Bryant, Pit WR",** BYE **,0/0,0,0,0,0,0,0,0,0,0,--,0
42,"Andre Williams, NYG RB",** BYE **,0/0,0,0,0,0,0,0,0,0,0,--,0
2,"PLAYER, TEAM POS",OPP,STATUS ET,C/A,YDS,TD,INT,RUSH,YDS,TD,REC,YDS,TD,PTS
3,"Keith Wenning, Cin QB",@Ari,Sun 8:30,0/0,0,0,0,0,0,0,0,0,0,0
4,"Jalen Saunders, NE WR  SSPD",Buf,Mon 8:30,0/0,0,0,0,0,0,0,0,0,0,0
5,"Tom Savage*, Hou QB  IR",NYJ,Sun 1:00,0/0,0,0,0,0,0,0,0,0,0,0
6,"Lorenzo Taliaferro*, Bal RB  IR",StL,Sun 1:00,0/0,0,0,0,0,0,0,0,0,0,0
7,"Aaron Murray, KC QB",@SD,Sun 4:05,0/0,0,0,0,0,0,0,0,0,0,0
8,"Isaiah Crowell, Cle RB",** BYE **,0/0,0,0,0,0,0,0,0,0,0,--,0
9,"Corey Washington, NYG WR  Q",** BYE **,0/0,0,0,0,0,0,0,0,0,0,--,0
10,"Kapri Bibbs, Den RB",@Chi,Sun 1:00,0/0,0,0,0,0,0,0,0,0,0,0
11,"Branden Oliver*, SD RB  IR",KC,Sun 4:05,0/0,0,0,0,0,0,0,0,0,0,0
12,"Robert Herron*, TB WR  IR",@Phi,Sun 1:00,0/0,0,0,0,0,0,0,0,0,0,0
13,"Brandon Coleman, NO WR",** BYE **,0/0,0,0,0,0,0,0,0,0,0,--,0
14,"Marcus Harris*, NYG WR  IR",** BYE **,0/0,0,0,0,0,0,0,0,0,0,--,0
15,"Arthur Lynch, NYJ TE",@Hou,Sun 1:00,0/0,0,0,0,0,0,0,0,0,0,0
16,"Michael Campanaro*, Bal WR  IR",StL,Sun 1:00,0/0,0,0,0,0,0,0,0,0,0,0
17,"Tevin Reese, Cin WR",@Ari,Sun 8:30,0/0,0,0,0,0,0,0,0,0,0,0
18,"Darrin Reaves, KC RB",@SD,Sun 4:05,0/0,0,0,0,0,0,0,0,0,0,0
19,"Silas Redd*, Wsh RB  IR",@Car,Sun 1:00,0/0,0,0,0,0,0,0,0,0,0,0
20,"Taylor Gabriel, Cle WR  Q",** BYE **,0/0,0,0,0,0,0,0,0,0,0,--,0
21,"Adam Thielen, Min WR  P",GB,Sun 4:25,0/0,0,0,0,0,0,0,0,0,0,0
22,"Trey Watts, StL RB  SSPD",@Bal,Sun 1:00,0/0,0,0,0,0,0,0,0,0,0,0
23,"Willie Snead, NO WR",** BYE **,0/0,0,0,0,0,0,0,0,0,0,--,0
24,"Austin Johnson, NO RB",** BYE **,0/0,0,0,0,0,0,0,0,0,0,--,0
25,"Brian Leonhardt, Oak TE",@Det,Sun 1:00,0/0,0,0,0,0,0,0,0,0,0,0
26,"Chuck Jacobs, SF WR",@Sea,Sun 4:25,0/0,0,0,0,0,0,0,0,0,0,0
27,"James Wright*, Cin WR  IR",@Ari,Sun 8:30,0/0,0,0,0,0,0,0,0,0,0,0
28,"Isaiah Burse, Den WR",@Chi,Sun 1:00,0/0,0,0,0,0,0,0,0,0,0,0
29,"Trey Burton, Phi TE",TB,Sun 1:00,0/0,0,0,0,0,0,0,0,0,0,0
30,"Alex Bayer, StL TE",@Bal,Sun 1:00,0/0,0,0,0,0,0,0,0,0,0,0
31,"Damian Copeland, Jax WR",Ten,W 19-13,0/0,0,0,0,0,0,0,0,0,0,0
32,"Jonathan Krause*, NE WR  IR",Buf,Mon 8:30,0/0,0,0,0,0,0,0,0,0,0,0
33,"Orleans Darkwa, NYG RB",** BYE **,0/0,0,0,0,0,0,0,0,0,0,--,0
34,"Senorise Perry*, Chi RB  IR",Den,Sun 1:00,0/0,0,0,0,0,0,0,0,0,0,0
35,"Glenn Winston, Cle RB",** BYE **,0/0,0,0,0,0,0,0,0,0,0,--,0
36,"Zurlon Tipton, Ind RB",@Atl,Sun 1:00,0/0,0,0,0,0,0,0,0,0,0,0
37,"Fitzgerald Toussaint, Bal RB",StL,Sun 1:00,0/0,0,0,0,0,0,0,0,0,0,0
38,"Julian Talley, NYG WR",** BYE **,0/0,0,0,0,0,0,0,0,0,0,--,0
39,"Marcel Jensen, Den TE",@Chi,Sun 1:00,0/0,0,0,0,0,0,0,0,0,0,0
40,"Asante Cleveland, NE TE",Buf,Mon 8:30,0/0,0,0,0,0,0,0,0,0,0,0
41,"Nic Jacobs, Jax TE",Ten,W 19-13,0/0,0,0,0,0,0,0,0,0,0,0
42,"Freddie Martino, Phi WR",TB,Sun 1:00,0/0,0,0,0,0,0,0,0,0,0,0
2,"PLAYER, TEAM POS",OPP,STATUS ET,C/A,YDS,TD,INT,RUSH,YDS,TD,REC,YDS,TD,PTS
3,"RaShaun Allen, Sea TE",SF,Sun 4:25,0/0,0,0,0,0,0,0,0,0,0,0
4,"Connor Shaw*, Cle QB  IR",** BYE **,0/0,0,0,0,0,0,0,0,0,0,--,0
5,"Andre Debose*, Oak WR  IR",@Det,Sun 1:00,0/0,0,0,0,0,0,0,0,0,0,0
6,"Bryce Petty, NYJ QB",@Hou,Sun 1:00,0/0,0,0,0,0,0,0,0,0,0,0
7,"James O'Shaughnessy*, KC TE  IR",@SD,Sun 4:05,0/0,0,0,0,0,0,0,0,0,0,0
8,"DiAndre Campbell, SF WR",@Sea,Sun 4:25,0/0,0,0,0,0,0,0,0,0,0,0
9,"Randall Telfer, Cle TE",** BYE **,0/0,0,0,0,0,0,0,0,0,0,--,0
10,"Gerald Christian*, Ari TE  IR",Cin,Sun 8:30,0/0,0,0,0,0,0,0,0,0,0,0
11,"Geremy Davis, NYG WR",** BYE **,0/0,0,0,0,0,0,0,0,0,0,--,0
12,"Da'Ron Brown, KC WR",@SD,Sun 4:05,0/0,0,0,0,0,0,0,0,0,0,0
13,"Neal Sterling, Jax WR",Ten,W 19-13,0/0,0,0,0,0,0,0,0,0,0,0
14,"Marcus Murphy, NO RB",** BYE **,0/0,0,0,0,0,0,0,0,0,0,--,0
15,"Kenny Bell*, TB WR  IR",@Phi,Sun 1:00,0/0,0,0,0,0,0,0,0,0,0,0
16,"Dres Anderson*, SF WR  IR",@Sea,Sun 4:25,0/0,0,0,0,0,0,0,0,0,0,0
17,"DeAndrew White, SF WR",@Sea,Sun 4:25,0/0,0,0,0,0,0,0,0,0,0,0
18,"Malcolm Johnson, Cle TE",** BYE **,0/0,0,0,0,0,0,0,0,0,0,--,0
19,"Kaelin Clay, Bal WR",StL,Sun 1:00,0/0,0,0,0,0,0,0,0,0,0,0
20,"Sean Mannion, StL QB",@Bal,Sun 1:00,0/0,0,0,0,0,0,0,0,0,0,0
21,"Joey Iosefa, TB RB",@Phi,Sun 1:00,0/0,0,0,0,0,0,0,0,0,0,0
22,"Chris Manhertz, NO TE",** BYE **,0/0,0,0,0,0,0,0,0,0,0,--,0
23,"Dezmin Lewis, Buf WR",@NE,Mon 8:30,0/0,0,0,0,0,0,0,0,0,0,0
24,"Sammie Coates, Pit WR",** BYE **,0/0,0,0,0,0,0,0,0,0,0,--,0
25,"C.J. Uzomah, Cin TE",@Ari,Sun 8:30,0/0,0,0,0,0,0,0,0,0,0,0
26,"Garrett Grayson, NO QB",** BYE **,0/0,0,0,0,0,0,0,0,0,0,--,0
27,"Jeff Heuerman*, Den TE  IR",@Chi,Sun 1:00,0/0,0,0,0,0,0,0,0,0,0,0
28,"Evan Spencer, Wsh WR",@Car,Sun 1:00,0/0,0,0,0,0,0,0,0,0,0,0
29,"DeVante Parker, Mia WR",Dal,Sun 1:00,0/0,0,0,0,0,0,0,0,0,0,0
30,"Nick O'Leary, Buf TE",@NE,Mon 8:30,0/0,0,0,0,0,0,0,0,0,0,0
31,"Darren Waller*, Bal WR  IR",StL,Sun 1:00,0/0,0,0,0,0,0,0,0,0,0,0
32,"Brett Hundley, GB QB",@Min,Sun 4:25,0/0,0,0,0,0,0,0,0,0,0,0
33,"Kenny Hilliard, Hou RB",NYJ,Sun 1:00,0/0,0,0,0,0,0,0,0,0,0,0
34,"Aaron Ripkowski, GB RB",@Min,Sun 4:25,0/0,0,0,0,0,0,0,0,0,0,0
35,"Phillip Dorsett*, Ind WR  O",@Atl,Sun 1:00,0/0,0,0,0,0,0,0,0,0,0,0
36,"Ben Koyack, Jax TE",Ten,W 19-13,0/0,0,0,0,0,0,0,0,0,0,0
37,"Kennard Backman, GB TE",@Min,Sun 4:25,0/0,0,0,0,0,0,0,0,0,0,0
38,"Tyler Kroft, Cin TE",@Ari,Sun 8:30,0/0,0,0,0,0,0,0,0,0,0,0
39,"Tyler Varga*, Ind RB  IR",@Atl,Sun 1:00,0/0,0,0,0,0,0,0,0,0,0,0
40,"Duke Johnson Jr., Cle RB",** BYE **,0/0,0,0,0,0,0,0,0,0,0,--,0
41,"Breshad Perriman*, Bal WR  IR",StL,Sun 1:00,0/0,0,0,0,0,0,0,0,0,0,0
42,"Jesse James, Pit TE",** BYE **,0/0,0,0,0,0,0,0,0,0,0,--,0
2,"PLAYER, TEAM POS",OPP,STATUS ET,C/A,YDS,TD,INT,RUSH,YDS,TD,REC,YDS,TD,PTS
3,"Mike Davis*, SF RB  IR",@Sea,Sun 4:25,0/0,0,0,0,0,0,0,0,0,0,0
4,"Kevin White*, Chi WR  O",Den,Sun 1:00,0/0,0,0,0,0,0,0,0,0,0,0
5,"Cameron Artis-Payne, Car RB",Wsh,Sun 1:00,0/0,0,0,0,0,0,0,0,0,0,0
6,"Jaelen Strong, Hou WR",NYJ,Sun 1:00,0/0,0,0,0,0,0,0,0,0,0,0
7,"Geoff Swaim, Dal TE",@Mia,Sun 1:00,0/0,0,0,0,0,0,0,0,0,0,0
8,"Vince Mayle, Dal WR",@Mia,Sun 1:00,0/0,0,0,0,0,0,0,0,0,0,0
9,"Mario Alford, Cin WR",@Ari,Sun 8:30,0/0,0,0,0,0,0,0,0,0,0,0
10,"DeAndre Smelter*, SF WR  O",@Sea,Sun 4:25,0/0,0,0,0,0,0,0,0,0,0,0
11,"Duron Carter, Ind WR",@Atl,Sun 1:00,0/0,0,0,0,0,0,0,0,0,0,0
12,"John Crockett, GB RB",@Min,Sun 4:25,0/0,0,0,0,0,0,0,0,0,0,0
13,"Terrence Magee, Bal RB",StL,Sun 1:00,0/0,0,0,0,0,0,0,0,0,0,0
14,"Seantavius Jones, NO WR",** BYE **,0/0,0,0,0,0,0,0,0,0,0,--,0
15,"Gus Johnson, Dal RB",@Mia,Sun 1:00,0/0,0,0,0,0,0,0,0,0,0,0
16,"Zach Zenner*, Det RB  IR",Oak,Sun 1:00,0/0,0,0,0,0,0,0,0,0,0,0
17,"Malcolm Brown, StL RB",@Bal,Sun 1:00,0/0,0,0,0,0,0,0,0,0,0,0
18,"Jarryd Hayne, SF RB",@Sea,Sun 4:25,0/0,0,0,0,0,0,0,0,0,0,0
19,"Brandon Wegher, Car RB",Wsh,Sun 1:00,0/0,0,0,0,0,0,0,0,0,0,0
20,"Alonzo Harris, GB RB",@Min,Sun 4:25,0/0,0,0,0,0,0,0,0,0,0,0
21,"Corey Grant*, Jax RB  IR",Ten,W 19-13,0/0,0,0,0,0,0,0,0,0,0,0
22,"E.J. Bibbs, Cle TE",** BYE **,0/0,0,0,0,0,0,0,0,0,0,--,0
23,"Khari Lee, Chi TE",Den,Sun 1:00,0/0,0,0,0,0,0,0,0,0,0,0
24,"Nikita Whitlock, NYG RB",** BYE **,0/0,0,0,0,0,0,0,0,0,0,--,0
25,"Jerome Cunningham, NYG TE",** BYE **,0/0,0,0,0,0,0,0,0,0,0,--,0
26,"Matt Hazel, Mia WR",Dal,Sun 1:00,0/0,0,0,0,0,0,0,0,0,0,0
27,"Chris Harper, NE WR",Buf,Mon 8:30,0/0,0,0,0,0,0,0,0,0,0,0
28,"Tyler Murphy, Pit WR",** BYE **,0/0,0,0,0,0,0,0,0,0,0,--,0
29,"Wes Saxton, NYJ TE",@Hou,Sun 1:00,0/0,0,0,0,0,0,0,0,0,0,0
30,"Will Tye, NYG TE",** BYE **,0/0,0,0,0,0,0,0,0,0,0,--,0
31,"Trey Williams, Dal RB",@Mia,Sun 1:00,0/0,0,0,0,0,0,0,0,0,0,0
32,"Dylan Thompson, SF QB",@Sea,Sun 4:25,0.1/0.2,1.1,0,0,0,0,0,0,0,0,0
33,"Zach Miller, Sea TE",SF,Sun 4:25,0/0,0,0,0,0,0,0,0,0,0,0
34,"John Kasay, FA K",** BYE **,--/--,--,--,--,--,--,--,--,--,--,--,0
35,"Jason Hanson, FA K",** BYE **,--/--,--,--,--,--,--,--,--,--,--,--,0
36,"Mark Brunell, FA QB",** BYE **,--/--,--,--,--,--,--,--,--,--,--,--,0
37,"Terrell Owens, FA WR",** BYE **,--/--,--,--,--,--,--,--,--,--,--,--,0
38,"Olindo Mare, FA K",** BYE **,--/--,--,--,--,--,--,--,--,--,--,--,0
39,"Tony Gonzalez, Atl TE",Ind,Sun 1:00,--/--,--,--,--,--,--,--,--,--,--,--
40,"Ryan Longwell, FA K",** BYE **,--/--,--,--,--,--,--,--,--,--,--,--,0
41,"Jon Kitna, Dal QB",@Mia,Sun 1:00,--/--,--,--,--,--,--,--,--,--,--,--
42,"Todd Bouman, FA QB",** BYE **,--/--,--,--,--,--,--,--,--,--,--,--,0
2,"PLAYER, TEAM POS",OPP,STATUS ET,C/A,YDS,TD,INT,RUSH,YDS,TD,REC,YDS,TD,PTS
3,"Randy Moss, FA WR",** BYE **,--/--,--,--,--,--,--,--,--,--,--,--,0
4,"Charlie Batch, FA QB",** BYE **,--/--,--,--,--,--,--,--,--,--,--,--,0
5,"Mike Sellers, FA RB",** BYE **,--/--,--,--,--,--,--,--,--,--,--,--,0
6,"Jake Delhomme, FA QB",** BYE **,--/--,--,--,--,--,--,--,--,--,--,--,0
7,"David Akers, FA K",** BYE **,--/--,--,--,--,--,--,--,--,--,--,--,0
8,"Donovan McNabb, FA QB",** BYE **,--/--,--,--,--,--,--,--,--,--,--,--,0
9,"Daunte Culpepper, FA QB",** BYE **,--/--,--,--,--,--,--,--,--,--,--,--,0
10,"Reggie Kelly, FA TE",** BYE **,--/--,--,--,--,--,--,--,--,--,--,--,0
11,"Jimmy Kleinsasser, FA TE",** BYE **,--/--,--,--,--,--,--,--,--,--,--,--,0
12,"Kevin Faulk, FA RB",** BYE **,--/--,--,--,--,--,--,--,--,--,--,--,0
13,"Desmond Clark, FA TE",** BYE **,--/--,--,--,--,--,--,--,--,--,--,--,0
14,"Donald Driver, FA WR",** BYE **,--/--,--,--,--,--,--,--,--,--,--,--,0
15,"Kris Brown, FA K",** BYE **,--/--,--,--,--,--,--,--,--,--,--,--,0
16,"Chris Greisen, FA QB",** BYE **,--/--,--,--,--,--,--,--,--,--,--,--,0
17,"Jeff Garcia, FA QB",** BYE **,--/--,--,--,--,--,--,--,--,--,--,--,0
18,"Brian Finneran, FA WR",** BYE **,--/--,--,--,--,--,--,--,--,--,--,--,0
19,"Thomas Jones, FA RB",** BYE **,--/--,--,--,--,--,--,--,--,--,--,--,0
20,"Plaxico Burress, Pit WR",** BYE **,--/--,--,--,--,--,--,--,--,--,--,--,0
21,"Anthony Becht, FA TE",** BYE **,--/--,--,--,--,--,--,--,--,--,--,--,0
22,"Chris Redman, FA QB",** BYE **,--/--,--,--,--,--,--,--,--,--,--,--,0
23,"Sammy Morris, FA RB",** BYE **,--/--,--,--,--,--,--,--,--,--,--,--,0
24,"Neil Rackers, FA K",** BYE **,--/--,--,--,--,--,--,--,--,--,--,--,0
25,"Brian Jennings, FA TE",** BYE **,--/--,--,--,--,--,--,--,--,--,--,--,0
26,"Billy Volek, FA QB",** BYE **,--/--,--,--,--,--,--,--,--,--,--,--,0
27,"Justin Snow, FA TE",** BYE **,--/--,--,--,--,--,--,--,--,--,--,--,0
28,"Rian Lindell, TB K",@Phi,Sun 1:00,--/--,--,--,--,--,--,--,--,--,--,--
29,"Jay Feely, FA K",** BYE **,--/--,--,--,--,--,--,--,--,--,--,--,0
30,"LaDainian Tomlinson, FA RB",** BYE **,--/--,--,--,--,--,--,--,--,--,--,--,0
31,"Santana Moss, Wsh WR",@Car,Sun 1:00,--/--,--,--,--,--,--,--,--,--,--,--
32,"Reggie Wayne, FA WR",** BYE **,--/--,--,--,--,--,--,--,--,--,--,--,0
33,"Todd Heap, FA TE",** BYE **,--/--,--,--,--,--,--,--,--,--,--,--,0
34,"Alge Crumpler, FA TE",** BYE **,--/--,--,--,--,--,--,--,--,--,--,--,0
35,"Chad Johnson, FA WR",** BYE **,--/--,--,--,--,--,--,--,--,--,--,--,0
36,"Chris Chambers, FA WR",** BYE **,--/--,--,--,--,--,--,--,--,--,--,--,0
37,"Sage Rosenfels, FA QB",** BYE **,--/--,--,--,--,--,--,--,--,--,--,--,0
38,"Moran Norris, FA RB",** BYE **,--/--,--,--,--,--,--,--,--,--,--,--,0
39,"Correll Buckhalter, FA RB",** BYE **,--/--,--,--,--,--,--,--,--,--,--,--,0
40,"Brandon Manumaleuna, FA TE",** BYE **,--/--,--,--,--,--,--,--,--,--,--,--,0
41,"Tony Stewart, FA TE",** BYE **,--/--,--,--,--,--,--,--,--,--,--,--,0
42,"A.J. Feeley, FA QB",** BYE **,--/--,--,--,--,--,--,--,--,--,--,--,0
2,"PLAYER, TEAM POS",OPP,STATUS ET,C/A,YDS,TD,INT,RUSH,YDS,TD,REC,YDS,TD,PTS
3,"David Martin, FA TE",** BYE **,--/--,--,--,--,--,--,--,--,--,--,--,0
4,"T.J. Houshmandzadeh, FA WR",** BYE **,--/--,--,--,--,--,--,--,--,--,--,--,0
5,"Chris Taylor, FA RB",** BYE **,--/--,--,--,--,--,--,--,--,--,--,--,0
6,"Dominic Rhodes, FA RB",** BYE **,--/--,--,--,--,--,--,--,--,--,--,--,0
7,"Lawrence Tynes, FA K",** BYE **,--/--,--,--,--,--,--,--,--,--,--,--,0
8,"Shayne Graham, FA K",** BYE **,--/--,--,--,--,--,--,--,--,--,--,--,0
9,"David Carr, FA QB",** BYE **,--/--,--,--,--,--,--,--,--,--,--,--,0
10,"Donte' Stallworth, FA WR",** BYE **,--/--,--,--,--,--,--,--,--,--,--,--,0
11,"Jeremy Shockey, FA TE",** BYE **,--/--,--,--,--,--,--,--,--,--,--,--,0
12,"Daniel Graham, FA TE",** BYE **,--/--,--,--,--,--,--,--,--,--,--,--,0
13,"Jabar Gaffney, FA WR",** BYE **,--/--,--,--,--,--,--,--,--,--,--,--,0
14,"Andre Davis, FA WR",** BYE **,--/--,--,--,--,--,--,--,--,--,--,--,0
15,"Clinton Portis, FA RB",** BYE **,--/--,--,--,--,--,--,--,--,--,--,--,0
16,"Maurice Morris, FA RB",** BYE **,--/--,--,--,--,--,--,--,--,--,--,--,0
17,"Ladell Betts, FA RB",** BYE **,--/--,--,--,--,--,--,--,--,--,--,--,0
18,"Antwaan Randle El, FA WR",** BYE **,--/--,--,--,--,--,--,--,--,--,--,--,0
19,"Deion Branch, FA WR",** BYE **,--/--,--,--,--,--,--,--,--,--,--,--,0
20,"Chris Baker, FA TE",** BYE **,--/--,--,--,--,--,--,--,--,--,--,--,0
21,"Brian Westbrook, FA RB",** BYE **,--/--,--,--,--,--,--,--,--,--,--,--,0
22,"Justin Peelle, FA TE",** BYE **,--/--,--,--,--,--,--,--,--,--,--,--,0
23,"David Garrard, FA QB",** BYE **,--/--,--,--,--,--,--,--,--,--,--,--,0
24,"Randy McMichael, FA TE",** BYE **,--/--,--,--,--,--,--,--,--,--,--,--,0
25,"Robert Royal, FA TE",** BYE **,--/--,--,--,--,--,--,--,--,--,--,--,0
26,"J.T. O'Sullivan, FA QB",** BYE **,--/--,--,--,--,--,--,--,--,--,--,--,0
27,"Rock Cartwright, FA RB",** BYE **,--/--,--,--,--,--,--,--,--,--,--,--,0
28,"John Gilmore, FA TE",** BYE **,--/--,--,--,--,--,--,--,--,--,--,--,0
29,"Chester Taylor, FA RB",** BYE **,--/--,--,--,--,--,--,--,--,--,--,--,0
30,"Corey McIntyre, FA RB",** BYE **,--/--,--,--,--,--,--,--,--,--,--,--,0
31,"Billy Cundiff, Cle K",** BYE **,--/--,--,--,--,--,--,--,--,--,--,--,0
32,"Jeff Reed, FA K",** BYE **,--/--,--,--,--,--,--,--,--,--,--,--,0
33,"Jason McKie, FA RB",** BYE **,--/--,--,--,--,--,--,--,--,--,--,--,0
34,"Byron Leftwich, FA QB",** BYE **,--/--,--,--,--,--,--,--,--,--,--,--,0
35,"Bryant Johnson, FA WR",** BYE **,--/--,--,--,--,--,--,--,--,--,--,--,0
36,"Kyle Boller, FA QB",** BYE **,--/--,--,--,--,--,--,--,--,--,--,--,0
37,"Rex Grossman, Atl QB",Ind,Sun 1:00,--/--,--,--,--,--,--,--,--,--,--,--
38,"Willis McGahee, Cle RB",** BYE **,--/--,--,--,--,--,--,--,--,--,--,--,0
39,"Dallas Clark, Bal TE",StL,Sun 1:00,--/--,--,--,--,--,--,--,--,--,--,--
40,"Larry Johnson, FA RB",** BYE **,--/--,--,--,--,--,--,--,--,--,--,--,0
41,"Kelley Washington, FA WR",** BYE **,--/--,--,--,--,--,--,--,--,--,--,--,0
42,"Nate Burleson, Cle WR",** BYE **,--/--,--,--,--,--,--,--,--,--,--,--,0
2,"PLAYER, TEAM POS",OPP,STATUS ET,C/A,YDS,TD,INT,RUSH,YDS,TD,REC,YDS,TD,PTS
3,"Kevin Curtis, FA WR",** BYE **,--/--,--,--,--,--,--,--,--,--,--,--,0
4,"Visanthe Shiancoe, Ten TE",@Jax,L 13-19,--/--,--,--,--,--,--,--,--,--,--,--
5,"Seneca Wallace, GB QB",@Min,Sun 4:25,--/--,--,--,--,--,--,--,--,--,--,--
6,"Brandon Lloyd, SF WR",@Sea,Sun 4:25,--/--,--,--,--,--,--,--,--,--,--,--
7,"Sam Aiken, FA WR",** BYE **,--/--,--,--,--,--,--,--,--,--,--,--,0
8,"Ovie Mughelli, FA RB",** BYE **,--/--,--,--,--,--,--,--,--,--,--,--,0
9,"Justin Gage, FA WR",** BYE **,--/--,--,--,--,--,--,--,--,--,--,--,0
10,"Donald Lee, FA TE",** BYE **,--/--,--,--,--,--,--,--,--,--,--,--,0
11,"Brian St. Pierre, FA QB",** BYE **,--/--,--,--,--,--,--,--,--,--,--,--,0
12,"Arnaz Battle, FA WR",** BYE **,--/--,--,--,--,--,--,--,--,--,--,--,0
13,"Josh Brown, NYG K",** BYE **,--/--,--,--,--,--,--,--,--,--,--,--,0
14,"Kevin Walter, Ten WR",@Jax,L 13-19,--/--,--,--,--,--,--,--,--,--,--,--
15,"Brandon Banks, FA WR",** BYE **,--/--,--,--,--,--,--,--,--,--,--,--,0
16,"Earnest Graham, FA RB",** BYE **,--/--,--,--,--,--,--,--,--,--,--,--,0
17,"Will Heller, FA TE",** BYE **,--/--,--,--,--,--,--,--,--,--,--,--,0
18,"Cleo Lemon, FA QB",** BYE **,--/--,--,--,--,--,--,--,--,--,--,--,0
19,"Jerheme Urban, FA WR",** BYE **,--/--,--,--,--,--,--,--,--,--,--,--,0
20,"Greg Lewis, FA WR",** BYE **,--/--,--,--,--,--,--,--,--,--,--,--,0
21,"Kassim Osgood, SF WR",@Sea,Sun 4:25,--/--,--,--,--,--,--,--,--,--,--,--
22,"Kellen Winslow, NYJ TE",@Hou,Sun 1:00,--/--,--,--,--,--,--,--,--,--,--,--
23,"Roy Williams, FA WR",** BYE **,--/--,--,--,--,--,--,--,--,--,--,--,0
24,"Reggie Williams, FA WR",** BYE **,--/--,--,--,--,--,--,--,--,--,--,--,0
25,"Lee Evans, FA WR",** BYE **,--/--,--,--,--,--,--,--,--,--,--,--,0
26,"Michael Clayton, FA WR",** BYE **,--/--,--,--,--,--,--,--,--,--,--,--,0
27,"J.P. Losman, FA QB",** BYE **,--/--,--,--,--,--,--,--,--,--,--,--,0
28,"Steven Jackson, Atl RB",Ind,Sun 1:00,--/--,--,--,--,--,--,--,--,--,--,--
29,"Michael Jenkins, FA WR",** BYE **,--/--,--,--,--,--,--,--,--,--,--,--,0
30,"Kevin Jones, FA RB",** BYE **,--/--,--,--,--,--,--,--,--,--,--,--,0
31,"Julius Jones, FA RB",** BYE **,--/--,--,--,--,--,--,--,--,--,--,--,0
32,"Devery Henderson, FA WR",** BYE **,--/--,--,--,--,--,--,--,--,--,--,--,0
33,"Greg Jones, NO RB",** BYE **,--/--,--,--,--,--,--,--,--,--,--,--,0
34,"Keary Colbert, FA WR",** BYE **,--/--,--,--,--,--,--,--,--,--,--,--,0
35,"Kris Wilson, FA TE",** BYE **,--/--,--,--,--,--,--,--,--,--,--,--,0
36,"Nate Kaeding, FA K",** BYE **,--/--,--,--,--,--,--,--,--,--,--,--,0
37,"Ben Hartsock, Car TE",Wsh,Sun 1:00,--/--,--,--,--,--,--,--,--,--,--,--
38,"Bernard Berrian, FA WR",** BYE **,--/--,--,--,--,--,--,--,--,--,--,--,0
39,"Chris Cooley, FA TE",** BYE **,--/--,--,--,--,--,--,--,--,--,--,--,0
40,"Mewelde Moore, FA RB",** BYE **,--/--,--,--,--,--,--,--,--,--,--,--,0
41,"Ernest Wilford, FA TE",** BYE **,--/--,--,--,--,--,--,--,--,--,--,--,0
42,"Josh Scobee, Pit K",** BYE **,--/--,--,--,--,--,--,--,--,--,--,--,0
2,"PLAYER, TEAM POS",OPP,STATUS ET,C/A,YDS,TD,INT,RUSH,YDS,TD,REC,YDS,TD,PTS
3,"Michael Turner, FA RB",** BYE **,--/--,--,--,--,--,--,--,--,--,--,--,0
4,"Mike Karney, FA RB",** BYE **,--/--,--,--,--,--,--,--,--,--,--,--,0
5,"Jim Sorgi, FA QB",** BYE **,--/--,--,--,--,--,--,--,--,--,--,--,0
6,"Patrick Crayton, FA WR",** BYE **,--/--,--,--,--,--,--,--,--,--,--,--,0
7,"Jeff Dugan, FA TE",** BYE **,--/--,--,--,--,--,--,--,--,--,--,--,0
8,"Derrick Ward, FA RB",** BYE **,--/--,--,--,--,--,--,--,--,--,--,--,0
9,"Terrance Copper, FA WR",** BYE **,--/--,--,--,--,--,--,--,--,--,--,--,0
10,"Lousaka Polite, FA RB",** BYE **,--/--,--,--,--,--,--,--,--,--,--,--,0
11,"Vonta Leach, Bal RB",StL,Sun 1:00,--/--,--,--,--,--,--,--,--,--,--,--
12,"Ronnie Brown, SD RB",KC,Sun 4:05,--/--,--,--,--,--,--,--,--,--,--,--
13,"Braylon Edwards, FA WR",** BYE **,--/--,--,--,--,--,--,--,--,--,--,--,0
14,"Cedric Benson, FA RB",** BYE **,--/--,--,--,--,--,--,--,--,--,--,--,0
15,"Cadillac Williams, FA RB",** BYE **,--/--,--,--,--,--,--,--,--,--,--,--,0
16,"Mike Williams, FA WR",** BYE **,--/--,--,--,--,--,--,--,--,--,--,--,0
17,"Mark Clayton, FA WR",** BYE **,--/--,--,--,--,--,--,--,--,--,--,--,0
18,"Jason Campbell, Cin QB",@Ari,Sun 8:30,--/--,--,--,--,--,--,--,--,--,--,--
19,"Roscoe Parrish, FA WR",** BYE **,--/--,--,--,--,--,--,--,--,--,--,--,0
20,"Courtney Roby, Atl WR",Ind,Sun 1:00,--/--,--,--,--,--,--,--,--,--,--,--
21,"Alex Smith, NO TE",** BYE **,--/--,--,--,--,--,--,--,--,--,--,--,0
22,"Kyle Orton, Buf QB",@NE,Mon 8:30,--/--,--,--,--,--,--,--,--,--,--,--
23,"Brandon Jacobs, NYG RB",** BYE **,--/--,--,--,--,--,--,--,--,--,--,--,0
24,"Roydell Williams, FA WR",** BYE **,--/--,--,--,--,--,--,--,--,--,--,--,0
25,"Bo Scaife, FA TE",** BYE **,--/--,--,--,--,--,--,--,--,--,--,--,0
26,"Joel Dreessen, Den TE",@Chi,Sun 1:00,--/--,--,--,--,--,--,--,--,--,--,--
27,"Dave Rayner, FA K",** BYE **,--/--,--,--,--,--,--,--,--,--,--,--,0
28,"Billy Bajema, Bal TE",StL,Sun 1:00,--/--,--,--,--,--,--,--,--,--,--,--
29,"Madison Hedgecock, FA RB",** BYE **,--/--,--,--,--,--,--,--,--,--,--,--,0
30,"Stephen Spach, FA TE",** BYE **,--/--,--,--,--,--,--,--,--,--,--,--,0
31,"Rashied Davis, FA WR",** BYE **,--/--,--,--,--,--,--,--,--,--,--,--,0
32,"Joshua Cribbs, Ind WR",@Atl,Sun 1:00,--/--,--,--,--,--,--,--,--,--,--,--
33,"J.P. Foschi, FA TE",** BYE **,--/--,--,--,--,--,--,--,--,--,--,--,0
34,"Leonard Weaver, FA RB",** BYE **,--/--,--,--,--,--,--,--,--,--,--,--,0
35,"Shaun Suisham*, Pit K  IR",** BYE **,--/--,--,--,--,--,--,--,--,--,--,--,0
36,"Brandon Rideau, FA WR",** BYE **,--/--,--,--,--,--,--,--,--,--,--,--,0
37,"Tony Curtis, FA TE",** BYE **,--/--,--,--,--,--,--,--,--,--,--,--,0
38,"Tory Humphrey*, FA TE  IR",** BYE **,--/--,--,--,--,--,--,--,--,--,--,--,0
39,"Ruvell Martin, FA WR",** BYE **,--/--,--,--,--,--,--,--,--,--,--,--,0
40,"John Standeford, FA WR",** BYE **,--/--,--,--,--,--,--,--,--,--,--,--,0
41,"Ryan Grant, FA RB",** BYE **,--/--,--,--,--,--,--,--,--,--,--,--,0
42,"Greg Camarillo, FA WR",** BYE **,--/--,--,--,--,--,--,--,--,--,--,--,0
2,"PLAYER, TEAM POS",OPP,STATUS ET,C/A,YDS,TD,INT,RUSH,YDS,TD,REC,YDS,TD,PTS
3,"Vince Young, GB QB",@Min,Sun 4:25,--/--,--,--,--,--,--,--,--,--,--,--
4,"Matt Leinart, FA QB",** BYE **,--/--,--,--,--,--,--,--,--,--,--,--,0
5,"Laurence Maroney, FA RB",** BYE **,--/--,--,--,--,--,--,--,--,--,--,--,0
6,"Santonio Holmes, Chi WR",Den,Sun 1:00,--/--,--,--,--,--,--,--,--,--,--,--
7,"Joseph Addai, FA RB",** BYE **,--/--,--,--,--,--,--,--,--,--,--,--,0
8,"Chad Jackson, FA WR",** BYE **,--/--,--,--,--,--,--,--,--,--,--,--,0
9,"Sinorice Moss, FA WR",** BYE **,--/--,--,--,--,--,--,--,--,--,--,--,0
10,"LenDale White, FA RB",** BYE **,--/--,--,--,--,--,--,--,--,--,--,--,0
11,"Maurice Jones-Drew, Oak RB",@Det,Sun 1:00,--/--,--,--,--,--,--,--,--,--,--,--
12,"Tony Scheffler, Det TE",Oak,Sun 1:00,--/--,--,--,--,--,--,--,--,--,--,--
13,"Leonard Pope, FA TE",** BYE **,--/--,--,--,--,--,--,--,--,--,--,--,0
14,"Jerious Norwood, FA RB",** BYE **,--/--,--,--,--,--,--,--,--,--,--,--,0
15,"Derek Hagan, Ten WR",@Jax,L 13-19,--/--,--,--,--,--,--,--,--,--,--,--
16,"Brodie Croyle, FA QB",** BYE **,--/--,--,--,--,--,--,--,--,--,--,--,0
17,"David Thomas, FA TE",** BYE **,--/--,--,--,--,--,--,--,--,--,--,--,0
18,"Maurice Stovall, FA TE",** BYE **,--/--,--,--,--,--,--,--,--,--,--,--,0
19,"Dominique Byrd, FA TE",** BYE **,--/--,--,--,--,--,--,--,--,--,--,--,0
20,"Michael Robinson, Sea RB",SF,Sun 4:25,--/--,--,--,--,--,--,--,--,--,--,--
21,"Brad Smith, Phi WR",TB,Sun 1:00,--/--,--,--,--,--,--,--,--,--,--,--
22,"Garrett Mills, FA TE",** BYE **,--/--,--,--,--,--,--,--,--,--,--,--,0
23,"Demetrius Williams, FA WR",** BYE **,--/--,--,--,--,--,--,--,--,--,--,--,0
24,"Leon Washington, Ten RB",@Jax,L 13-19,--/--,--,--,--,--,--,--,--,--,--,--
25,"Domenik Hixon, Car WR",Wsh,Sun 1:00,--/--,--,--,--,--,--,--,--,--,--,--
26,"Jerome Harrison, FA RB",** BYE **,--/--,--,--,--,--,--,--,--,--,--,--,0
27,"Jason Pociask, FA TE",** BYE **,--/--,--,--,--,--,--,--,--,--,--,--,0
28,"Jeff King, Ari TE",Cin,Sun 8:30,--/--,--,--,--,--,--,--,--,--,--,--
29,"Lawrence Vickers, FA RB",** BYE **,--/--,--,--,--,--,--,--,--,--,--,--,0
30,"Todd Watkins, FA WR",** BYE **,--/--,--,--,--,--,--,--,--,--,--,--,0
31,"Devin Aromashodu, FA WR",** BYE **,--/--,--,--,--,--,--,--,--,--,--,--,0
32,"Quinton Ganther, FA RB",** BYE **,--/--,--,--,--,--,--,--,--,--,--,--,0
33,"Ben Obomanu, NYJ WR",@Hou,Sun 1:00,--/--,--,--,--,--,--,--,--,--,--,--
34,"David Anderson, FA WR",** BYE **,--/--,--,--,--,--,--,--,--,--,--,--,0
35,"Hank Baskett, FA WR",** BYE **,--/--,--,--,--,--,--,--,--,--,--,--,0
36,"Mike Bell, FA RB",** BYE **,--/--,--,--,--,--,--,--,--,--,--,--,0
37,"Brian Clark, FA WR",** BYE **,--/--,--,--,--,--,--,--,--,--,--,--,0
38,"Patrick Cobbs, FA RB",** BYE **,--/--,--,--,--,--,--,--,--,--,--,--,0
39,"Felton Huggins*, FA WR  IR",** BYE **,--/--,--,--,--,--,--,--,--,--,--,--,0
40,"Connor Hughes, FA K",** BYE **,--/--,--,--,--,--,--,--,--,--,--,--,0
41,"Montell Owens, Chi RB",Den,Sun 1:00,--/--,--,--,--,--,--,--,--,--,--,--
42,"Jamie Petrowski, FA TE",** BYE **,--/--,--,--,--,--,--,--,--,--,--,--,0
2,"PLAYER, TEAM POS",OPP,STATUS ET,C/A,YDS,TD,INT,RUSH,YDS,TD,REC,YDS,TD,PTS
3,"Wallace Wright, FA WR",** BYE **,--/--,--,--,--,--,--,--,--,--,--,--,0
4,"Ahmard Hall, FA RB",** BYE **,--/--,--,--,--,--,--,--,--,--,--,--,0
5,"Sam Hurd, FA WR",** BYE **,--/--,--,--,--,--,--,--,--,--,--,--,0
6,"Naufahu Tahi, FA RB",** BYE **,--/--,--,--,--,--,--,--,--,--,--,--,0
7,"Shane Andrus, FA K",** BYE **,--/--,--,--,--,--,--,--,--,--,--,--,0
8,"Micheal Spurlock, Chi WR",Den,Sun 1:00,--/--,--,--,--,--,--,--,--,--,--,--
9,"Greg Estandia*, FA TE  IR",** BYE **,--/--,--,--,--,--,--,--,--,--,--,--,0
10,"Spencer Havner, FA TE",** BYE **,--/--,--,--,--,--,--,--,--,--,--,--,0
11,"Troy Bergeron, FA WR",** BYE **,--/--,--,--,--,--,--,--,--,--,--,--,0
12,"Marc Hickok, FA K",** BYE **,--/--,--,--,--,--,--,--,--,--,--,--,0
13,"Brady Quinn, Mia QB",Dal,Sun 1:00,--/--,--,--,--,--,--,--,--,--,--,--
14,"Robert Meachem, NO WR",** BYE **,--/--,--,--,--,--,--,--,--,--,--,--,0
15,"Craig Davis, FA WR",** BYE **,--/--,--,--,--,--,--,--,--,--,--,--,0
16,"Anthony Gonzalez, FA WR",** BYE **,--/--,--,--,--,--,--,--,--,--,--,--,0
17,"Kevin Kolb, Buf QB",@NE,Mon 8:30,--/--,--,--,--,--,--,--,--,--,--,--
18,"John Beck, FA QB",** BYE **,--/--,--,--,--,--,--,--,--,--,--,--,0
19,"Sidney Rice, Sea WR",SF,Sun 4:25,--/--,--,--,--,--,--,--,--,--,--,--
20,"Dwayne Jarrett, FA WR",** BYE **,--/--,--,--,--,--,--,--,--,--,--,--,0
21,"Chris Henry, FA RB",** BYE **,--/--,--,--,--,--,--,--,--,--,--,--,0
22,"Steve Smith, FA WR",** BYE **,--/--,--,--,--,--,--,--,--,--,--,--,0
23,"Brian Leonard, NO RB",** BYE **,--/--,--,--,--,--,--,--,--,--,--,--,0
24,"Brandon Jackson, FA RB",** BYE **,--/--,--,--,--,--,--,--,--,--,--,--,0
25,"Lorenzo Booker, FA RB",** BYE **,--/--,--,--,--,--,--,--,--,--,--,--,0
26,"Yamon Figurs, FA WR",** BYE **,--/--,--,--,--,--,--,--,--,--,--,--,0
27,"Laurent Robinson, FA WR",** BYE **,--/--,--,--,--,--,--,--,--,--,--,--,0
28,"Jason Hill, FA WR",** BYE **,--/--,--,--,--,--,--,--,--,--,--,--,0
29,"Mike Sims-Walker, FA WR",** BYE **,--/--,--,--,--,--,--,--,--,--,--,--,0
30,"Paul Williams, FA WR",** BYE **,--/--,--,--,--,--,--,--,--,--,--,--,0
31,"Trent Edwards, Oak QB",@Det,Sun 1:00,--/--,--,--,--,--,--,--,--,--,--,--
32,"Garrett Wolfe, FA RB",** BYE **,--/--,--,--,--,--,--,--,--,--,--,--,0
33,"Johnnie Lee Higgins, FA WR",** BYE **,--/--,--,--,--,--,--,--,--,--,--,--,0
34,"Michael Bush, Ari RB",Cin,Sun 8:30,--/--,--,--,--,--,--,--,--,--,--,--
35,"Isaiah Stanback, FA TE",** BYE **,--/--,--,--,--,--,--,--,--,--,--,--,0
36,"Le'Ron McClain, SD RB",KC,Sun 4:05,--/--,--,--,--,--,--,--,--,--,--,--
37,"Steve Breaston, FA WR",** BYE **,--/--,--,--,--,--,--,--,--,--,--,--,0
38,"Aundrae Allison, FA WR",** BYE **,--/--,--,--,--,--,--,--,--,--,--,--,0
39,"Kevin Boss, FA TE",** BYE **,--/--,--,--,--,--,--,--,--,--,--,--,0
40,"Dante Rosario, Chi TE",Den,Sun 1:00,--/--,--,--,--,--,--,--,--,--,--,--
41,"David Clowney, FA WR",** BYE **,--/--,--,--,--,--,--,--,--,--,--,--,0
42,"Justin Medlock, FA K",** BYE **,--/--,--,--,--,--,--,--,--,--,--,--,0
2,"PLAYER, TEAM POS",OPP,STATUS ET,C/A,YDS,TD,INT,RUSH,YDS,TD,REC,YDS,TD,PTS
3,"Legedu Naanee, FA WR",** BYE **,--/--,--,--,--,--,--,--,--,--,--,--,0
4,"Troy Smith, FA QB",** BYE **,--/--,--,--,--,--,--,--,--,--,--,--,0
5,"Oren O'Neal, FA RB",** BYE **,--/--,--,--,--,--,--,--,--,--,--,--,0
6,"Nick Folk*, NYJ K  IR",@Hou,Sun 1:00,--/--,--,--,--,--,--,--,--,--,--,--
7,"Reagan Maui'a, FA RB",** BYE **,--/--,--,--,--,--,--,--,--,--,--,--,0
8,"Thomas Clayton, FA RB",** BYE **,--/--,--,--,--,--,--,--,--,--,--,--,0
9,"Korey Hall, FA RB",** BYE **,--/--,--,--,--,--,--,--,--,--,--,--,0
10,"Deon Anderson, FA RB",** BYE **,--/--,--,--,--,--,--,--,--,--,--,--,0
11,"Jordan Palmer, Ten QB",@Jax,L 13-19,--/--,--,--,--,--,--,--,--,--,--,--
12,"Jordan Kent, FA WR",** BYE **,--/--,--,--,--,--,--,--,--,--,--,--,0
13,"Ben Patrick, FA TE",** BYE **,--/--,--,--,--,--,--,--,--,--,--,--,0
14,"Tyler Thigpen, Cle QB",** BYE **,--/--,--,--,--,--,--,--,--,--,--,--,0
15,"Derek Schouman, FA TE",** BYE **,--/--,--,--,--,--,--,--,--,--,--,--,0
16,"DeShawn Wynn, FA RB",** BYE **,--/--,--,--,--,--,--,--,--,--,--,--,0
17,"Chandler Williams, FA WR",** BYE **,--/--,--,--,--,--,--,--,--,--,--,--,0
18,"Chansi Stuckey, FA WR",** BYE **,--/--,--,--,--,--,--,--,--,--,--,--,0
19,"Clark Harris, Cin TE",@Ari,Sun 8:30,--/--,--,--,--,--,--,--,--,--,--,--
20,"Jason Snelling, Atl RB",Ind,Sun 1:00,--/--,--,--,--,--,--,--,--,--,--,--
21,"Kenneth Darby, FA RB",** BYE **,--/--,--,--,--,--,--,--,--,--,--,--,0
22,"Onrea Jones, FA WR",** BYE **,--/--,--,--,--,--,--,--,--,--,--,--,0
23,"Pierre Thomas, FA RB",** BYE **,--/--,--,--,--,--,--,--,--,--,--,--,0
24,"Gary Russell, FA RB",** BYE **,--/--,--,--,--,--,--,--,--,--,--,--,0
25,"Tyler Palko, FA QB",** BYE **,--/--,--,--,--,--,--,--,--,--,--,--,0
26,"Jesse Holley, FA WR",** BYE **,--/--,--,--,--,--,--,--,--,--,--,--,0
27,"Matt Gutierrez, FA QB",** BYE **,--/--,--,--,--,--,--,--,--,--,--,--,0
28,"D.J. Ware, FA RB",** BYE **,--/--,--,--,--,--,--,--,--,--,--,--,0
29,"Brandon London, FA WR",** BYE **,--/--,--,--,--,--,--,--,--,--,--,--,0
30,"Michael Matthews, FA TE",** BYE **,--/--,--,--,--,--,--,--,--,--,--,--,0
31,"Marcus Mason, FA RB",** BYE **,--/--,--,--,--,--,--,--,--,--,--,--,0
32,"Tim Castille, FA RB",** BYE **,--/--,--,--,--,--,--,--,--,--,--,--,0
33,"Ricky Schmitt, FA K",** BYE **,--/--,--,--,--,--,--,--,--,--,--,--,0
34,"Logan Payne, FA WR",** BYE **,--/--,--,--,--,--,--,--,--,--,--,--,0
35,"Matt Willis, FA WR",** BYE **,--/--,--,--,--,--,--,--,--,--,--,--,0
36,"Billy Latsko, FA RB",** BYE **,--/--,--,--,--,--,--,--,--,--,--,--,0
37,"Daniel Coats, FA TE",** BYE **,--/--,--,--,--,--,--,--,--,--,--,--,0
38,"Rhys Lloyd, FA K",** BYE **,--/--,--,--,--,--,--,--,--,--,--,--,0
39,"Gijon Robinson, FA TE",** BYE **,--/--,--,--,--,--,--,--,--,--,--,--,0
40,"Charles Ali, FA RB",** BYE **,--/--,--,--,--,--,--,--,--,--,--,--,0
41,"Richard Bartel*, FA QB  IR",** BYE **,--/--,--,--,--,--,--,--,--,--,--,--,0
42,"Eldra Buckley, FA RB",** BYE **,--/--,--,--,--,--,--,--,--,--,--,--,0
